search_text,item_id,item,reading,note,category,category_display,rule_ref,source_pdf_page,source_printed_page,source_section,verification_status
アイスキャンディーの棒,item_0001,アイスキャンディーの棒,,,可燃,可燃ごみ,,18,17,ごみ分別辞典,table_cell_geometry_extracted
雨ガッパ,item_0002,雨ガッパ,,,可燃,可燃ごみ,,18,17,ごみ分別辞典,table_cell_geometry_extracted
アイスクリーマー,item_0003,アイスクリーマー,,,粗大,粗大ごみ,,18,17,ごみ分別辞典,table_cell_geometry_extracted
雨戸・網戸,item_0004,雨戸・網戸,,,粗大,粗大ごみ,,18,17,ごみ分別辞典,table_cell_geometry_extracted
アイスクリームの容器・包装・ふた（紙製） リサイクルが困難なため,item_0005,アイスクリームの容器・包装・ふた（紙製）,,リサイクルが困難なため,可燃,可燃ごみ,,18,17,ごみ分別辞典,table_cell_geometry_extracted
雨どい 長さを120cm 程度まで にして出す,item_0006,雨どい,,長さを120cm 程度まで にして出す,粗大,粗大ごみ,,18,17,ごみ分別辞典,table_cell_geometry_extracted
アイスクリームの容器・包装・ふた（プラスチック製） 汚れを取り除く,item_0007,アイスクリームの容器・包装・ふた（プラスチック製）,,汚れを取り除く,プラ,プラスチック製容器包装,,18,17,ごみ分別辞典,table_cell_geometry_extracted
網 金網は「金・ガ」,item_0008,網,,金網は「金・ガ」,可燃,可燃ごみ,,18,17,ごみ分別辞典,table_cell_geometry_extracted
編み機,item_0009,編み機,,,粗大,粗大ごみ,,18,17,ごみ分別辞典,table_cell_geometry_extracted
アイスノン,item_0010,アイスノン,,,可燃,可燃ごみ,,18,17,ごみ分別辞典,table_cell_geometry_extracted
編み針 金属製のものは「金・ガ」,item_0011,編み針,,金属製のものは「金・ガ」,可燃,可燃ごみ,,18,17,ごみ分別辞典,table_cell_geometry_extracted
アイスピック 危なくないようにする,item_0012,アイスピック,,危なくないようにする,金・ガ,金物・ガラス類,,18,17,ごみ分別辞典,table_cell_geometry_extracted
飴の個包装（紙製） リサイクルが困難なため,item_0013,飴の個包装（紙製）,,リサイクルが困難なため,可燃,可燃ごみ,,18,17,ごみ分別辞典,table_cell_geometry_extracted
アイロン・アイロン台,item_0014,アイロン・アイロン台,,,粗大,粗大ごみ,,18,17,ごみ分別辞典,table_cell_geometry_extracted
飴の個包装（プラスチック製）,item_0015,飴の個包装（プラスチック製）,,,プラ,プラスチック製容器包装,,18,17,ごみ分別辞典,table_cell_geometry_extracted
アイロン用のり（容器） 汚れを取り除く 金属製のものは「金・ガ」,item_0016,アイロン用のり（容器）,,汚れを取り除く 金属製のものは「金・ガ」,プラ,プラスチック製容器包装,,18,17,ごみ分別辞典,table_cell_geometry_extracted
飴の外袋（プラスチック製）,item_0017,飴の外袋（プラスチック製）,,,プラ,プラスチック製容器包装,,18,17,ごみ分別辞典,table_cell_geometry_extracted
アカすり,item_0018,アカすり,,,可燃,可燃ごみ,,18,17,ごみ分別辞典,table_cell_geometry_extracted
アルカリ電池,item_0019,アルカリ電池,,,埋立,埋立ごみ,,18,17,ごみ分別辞典,table_cell_geometry_extracted
空き缶・空きびん キャップをはずし、す すいで出す,item_0020,空き缶・空きびん,,キャップをはずし、す すいで出す,金・ガ,金物・ガラス類,,18,17,ごみ分別辞典,table_cell_geometry_extracted
アルバム リサイクルが困難なため,item_0021,アルバム,,リサイクルが困難なため,可燃,可燃ごみ,,18,17,ごみ分別辞典,table_cell_geometry_extracted
アルミコーティング袋（レトルト食品用） 汚れを取り除く,item_0022,アルミコーティング袋（レトルト食品用）,,汚れを取り除く,プラ,プラスチック製容器包装,,18,17,ごみ分別辞典,table_cell_geometry_extracted
アコーディオン（楽器）,item_0023,アコーディオン（楽器）,,,粗大,粗大ごみ,,18,17,ごみ分別辞典,table_cell_geometry_extracted
アコーディオンカーテン,item_0024,アコーディオンカーテン,,,粗大,粗大ごみ,,18,17,ごみ分別辞典,table_cell_geometry_extracted
アルミトレイ,item_0025,アルミトレイ,,,金・ガ,金物・ガラス類,,18,17,ごみ分別辞典,table_cell_geometry_extracted
足拭きマット,item_0026,足拭きマット,,,可燃,可燃ごみ,,18,17,ごみ分別辞典,table_cell_geometry_extracted
アルミ箔・アルミホイル,item_0027,アルミ箔・アルミホイル,,,可燃,可燃ごみ,,18,17,ごみ分別辞典,table_cell_geometry_extracted
アタッシュケース,item_0028,アタッシュケース,,,粗大,粗大ごみ,,18,17,ごみ分別辞典,table_cell_geometry_extracted
アルミ箔鍋・容器 うどん・ラーメンなど,item_0029,アルミ箔鍋・容器,,うどん・ラーメンなど,可燃,可燃ごみ,,18,17,ごみ分別辞典,table_cell_geometry_extracted
アダプター,item_0030,アダプター,,,粗大,粗大ごみ,,18,17,ごみ分別辞典,table_cell_geometry_extracted
アルミホイル（アルミ箔）の芯 使いきってから、なる べくつぶして出す,item_0031,アルミホイル（アルミ箔）の芯,,使いきってから、なる べくつぶして出す,紙類,紙類,,18,17,ごみ分別辞典,table_cell_geometry_extracted
厚紙（贈答箱・靴箱など） ビニール・金銀加工して いるものはリサイクルが 困難なため「可燃」,item_0032,厚紙（贈答箱・靴箱など）,,ビニール・金銀加工して いるものはリサイクルが 困難なため「可燃」,紙類,紙類,,18,17,ごみ分別辞典,table_cell_geometry_extracted
泡立て器 プラスチック製のもの は「可燃」,item_0033,泡立て器,,プラスチック製のもの は「可燃」,金・ガ,金物・ガラス類,,18,17,ごみ分別辞典,table_cell_geometry_extracted
圧力鍋,item_0034,圧力鍋,,,金・ガ,金物・ガラス類,,18,17,ごみ分別辞典,table_cell_geometry_extracted
油 布・新聞紙などにしみ こませる 凝固剤など で固めたものも「可燃」,item_0035,油,,布・新聞紙などにしみ こませる 凝固剤など で固めたものも「可燃」,可燃,可燃ごみ,,18,17,ごみ分別辞典,table_cell_geometry_extracted
泡立て器（電動式） 電池ははずす,item_0036,泡立て器（電動式）,,電池ははずす,粗大,粗大ごみ,,18,17,ごみ分別辞典,table_cell_geometry_extracted
あんか,item_0037,あんか,,,粗大,粗大ごみ,,18,17,ごみ分別辞典,table_cell_geometry_extracted
油紙 リサイクルが困難なため,item_0038,油紙,,リサイクルが困難なため,可燃,可燃ごみ,,18,17,ごみ分別辞典,table_cell_geometry_extracted
アンクレット プラスチック製のもの は「可燃」,item_0039,アンクレット,,プラスチック製のもの は「可燃」,金・ガ,金物・ガラス類,,18,17,ごみ分別辞典,table_cell_geometry_extracted
油こし容器,item_0040,油こし容器,,,金・ガ,金物・ガラス類,,18,17,ごみ分別辞典,table_cell_geometry_extracted
油取り紙,item_0041,油取り紙,,,可燃,可燃ごみ,,18,17,ごみ分別辞典,table_cell_geometry_extracted
安全靴,item_0042,安全靴,,,粗大,粗大ごみ,,18,17,ごみ分別辞典,table_cell_geometry_extracted
油の缶・びん キャップをはずし、す すいで出す,item_0043,油の缶・びん,,キャップをはずし、す すいで出す,金・ガ,金物・ガラス類,,18,17,ごみ分別辞典,table_cell_geometry_extracted
安全ピン,item_0044,安全ピン,,,金・ガ,金物・ガラス類,,18,17,ごみ分別辞典,table_cell_geometry_extracted
アンテナ,item_0045,アンテナ,,,粗大,粗大ごみ,,18,17,ごみ分別辞典,table_cell_geometry_extracted
油の凝固剤,item_0046,油の凝固剤,,,可燃,可燃ごみ,,18,17,ごみ分別辞典,table_cell_geometry_extracted
アンプ,item_0047,アンプ,,,粗大,粗大ごみ,,18,17,ごみ分別辞典,table_cell_geometry_extracted
油のポリ容器 すすいで出す,item_0048,油のポリ容器,,すすいで出す,プラ,プラスチック製容器包装,,18,17,ごみ分別辞典,table_cell_geometry_extracted
あんま機 電池ははずす,item_0049,あんま機,,電池ははずす,粗大,粗大ごみ,,18,17,ごみ分別辞典,table_cell_geometry_extracted
イオン水生成機,item_0050,イオン水生成機,,,粗大,粗大ごみ,,18,17,ごみ分別辞典,table_cell_geometry_extracted
一升びん なるべく購入店などへ,item_0051,一升びん,,なるべく購入店などへ,金・ガ,金物・ガラス類,,18,17,ごみ分別辞典,table_cell_geometry_extracted
石 大きいもの・重いもの は排出禁止,item_0052,石,,大きいもの・重いもの は排出禁止,埋立,埋立ごみ,,18,17,ごみ分別辞典,table_cell_geometry_extracted
一升びんのふた 金属製のものは「金・ガ」,item_0053,一升びんのふた,,金属製のものは「金・ガ」,プラ,プラスチック製容器包装,,18,17,ごみ分別辞典,table_cell_geometry_extracted
一斗缶 中身を残さない,item_0054,一斗缶,,中身を残さない,金・ガ,金物・ガラス類,,18,17,ごみ分別辞典,table_cell_geometry_extracted
衣装ケース,item_0055,衣装ケース,,,粗大,粗大ごみ,,18,17,ごみ分別辞典,table_cell_geometry_extracted
糸,item_0056,糸,,,可燃,可燃ごみ,,18,17,ごみ分別辞典,table_cell_geometry_extracted
椅子 粗大申込時は「1脚が1点」,item_0057,椅子,,粗大申込時は「1脚が1点」,粗大,粗大ごみ,,18,17,ごみ分別辞典,table_cell_geometry_extracted
犬小屋 大きいもの・重いもの は排出禁止,item_0058,犬小屋,,大きいもの・重いもの は排出禁止,粗大,粗大ごみ,,18,17,ごみ分別辞典,table_cell_geometry_extracted
いちごパック,item_0059,いちごパック,,,プラ,プラスチック製容器包装,,18,17,ごみ分別辞典,table_cell_geometry_extracted
一輪車（手押し車）,item_0060,一輪車（手押し車）,,,粗大,粗大ごみ,,18,17,ごみ分別辞典,table_cell_geometry_extracted
衣服・衣類,item_0061,衣服・衣類,,,可燃,可燃ごみ,,18,17,ごみ分別辞典,table_cell_geometry_extracted
一輪車（遊具）,item_0062,一輪車（遊具）,,,粗大,粗大ごみ,,18,17,ごみ分別辞典,table_cell_geometry_extracted
イヤホン,item_0063,イヤホン,,,粗大,粗大ごみ,,18,17,ごみ分別辞典,table_cell_geometry_extracted
イヤリング,item_0064,イヤリング,,,金・ガ,金物・ガラス類,,19,18,ごみ分別辞典,table_cell_geometry_extracted
インクリボン（カートリッジ） プリンターのインク カートリッジは、なる べく支所等の回収箱へ,item_0065,インクリボン（カートリッジ）,,プリンターのインク カートリッジは、なる べく支所等の回収箱へ,可燃,可燃ごみ,,19,18,ごみ分別辞典,table_cell_geometry_extracted
衣類乾燥機 家電4 品目 P.49 参照,item_0066,衣類乾燥機,,家電4 品目 P.49 参照,禁止,市が収集しないごみ,,19,18,ごみ分別辞典,table_cell_geometry_extracted
イルミネーション,item_0067,イルミネーション,,,粗大,粗大ごみ,,19,18,ごみ分別辞典,table_cell_geometry_extracted
インスタントカメラ 電池ははずす,item_0068,インスタントカメラ,,電池ははずす,粗大,粗大ごみ,,19,18,ごみ分別辞典,table_cell_geometry_extracted
入れ歯,item_0069,入れ歯,,,可燃,可燃ごみ,,19,18,ごみ分別辞典,table_cell_geometry_extracted
インスタントラーメンの外袋,item_0070,インスタントラーメンの外袋,,,プラ,プラスチック製容器包装,,19,18,ごみ分別辞典,table_cell_geometry_extracted
入れ歯接着剤チューブ（金属製）,item_0071,入れ歯接着剤チューブ（金属製）,,,可燃,可燃ごみ,,19,18,ごみ分別辞典,table_cell_geometry_extracted
インスタントラーメンの調味料袋 汚れを取り除く,item_0072,インスタントラーメンの調味料袋,,汚れを取り除く,プラ,プラスチック製容器包装,,19,18,ごみ分別辞典,table_cell_geometry_extracted
入れ歯接着剤チューブ（プラスチック製） 使いきって出す,item_0073,入れ歯接着剤チューブ（プラスチック製）,,使いきって出す,プラ,プラスチック製容器包装,,19,18,ごみ分別辞典,table_cell_geometry_extracted
インスタントラーメンの容器（紙製） リサイクルが困難なため,item_0074,インスタントラーメンの容器（紙製）,,リサイクルが困難なため,可燃,可燃ごみ,,19,18,ごみ分別辞典,table_cell_geometry_extracted
色鉛筆,item_0075,色鉛筆,,,可燃,可燃ごみ,,19,18,ごみ分別辞典,table_cell_geometry_extracted
インスタントラーメンの容器（プラスチック製） 汚れを取り除く,item_0076,インスタントラーメンの容器（プラスチック製）,,汚れを取り除く,プラ,プラスチック製容器包装,,19,18,ごみ分別辞典,table_cell_geometry_extracted
色紙 いろがみ 「金・銀」はリサイクルが 困難なため「可燃」,item_0077,色紙,いろがみ,「金・銀」はリサイクルが 困難なため「可燃」,紙類,紙類,,19,18,ごみ分別辞典,table_cell_geometry_extracted+furigana_verified
インターホン,item_0078,インターホン,,,粗大,粗大ごみ,,19,18,ごみ分別辞典,table_cell_geometry_extracted
印鑑,item_0079,印鑑,,,可燃,可燃ごみ,,19,18,ごみ分別辞典,table_cell_geometry_extracted
飲料パック（内側が白色で500ml 以上） 洗って開いてしばる,item_0080,飲料パック（内側が白色で500ml 以上）,,洗って開いてしばる,紙類,紙類,,19,18,ごみ分別辞典,table_cell_geometry_extracted
インク 布・新聞紙などにしみ こませる,item_0081,インク,,布・新聞紙などにしみ こませる,可燃,可燃ごみ,,19,18,ごみ分別辞典,table_cell_geometry_extracted
飲料パック（内側が白色以外又は500ml 未満） リサイクルが困難なため,item_0082,飲料パック（内側が白色以外又は500ml 未満）,,リサイクルが困難なため,可燃,可燃ごみ,,19,18,ごみ分別辞典,table_cell_geometry_extracted
ウインドサーフィン（ボード・セール） 長いものは不可,item_0083,ウインドサーフィン（ボード・セール）,,長いものは不可,粗大,粗大ごみ,,19,18,ごみ分別辞典,table_cell_geometry_extracted
ウエットティッシュ,item_0084,ウエットティッシュ,,,可燃,可燃ごみ,,19,18,ごみ分別辞典,table_cell_geometry_extracted
ウエットティッシュのケース,item_0085,ウエットティッシュのケース,,,プラ,プラスチック製容器包装,,19,18,ごみ分別辞典,table_cell_geometry_extracted
ウインドファン エアコンは排出禁止 P.49 参照,item_0086,ウインドファン,,エアコンは排出禁止 P.49 参照,粗大,粗大ごみ,,19,18,ごみ分別辞典,table_cell_geometry_extracted
ウォークマン バッテリー・電池ははずす,item_0087,ウォークマン,,バッテリー・電池ははずす,粗大,粗大ごみ,,19,18,ごみ分別辞典,table_cell_geometry_extracted
ウォシュレット,item_0088,ウォシュレット,,,粗大,粗大ごみ,,19,18,ごみ分別辞典,table_cell_geometry_extracted
ウインドブレーカー,item_0089,ウインドブレーカー,,,可燃,可燃ごみ,,19,18,ごみ分別辞典,table_cell_geometry_extracted
浮き輪・浮き袋 空気を抜いて出す,item_0090,浮き輪・浮き袋,,空気を抜いて出す,可燃,可燃ごみ,,19,18,ごみ分別辞典,table_cell_geometry_extracted
植木 「木」P.22 フロー図参照,item_0091,植木,,「木」P.22 フロー図参照,,,wood_disposal_flow,19,18,ごみ分別辞典,source_refers_to_decision_flow
うす（石製）・（木製）,item_0092,うす（石製）・（木製）,,,禁止,市が収集しないごみ,,19,18,ごみ分別辞典,table_cell_geometry_extracted
植木（苗）ポット（軟プラスチック製） 汚れを取り除く 家庭菜園で使用したも ののみ可,item_0093,植木（苗）ポット（軟プラスチック製）,,汚れを取り除く 家庭菜園で使用したも ののみ可,プラ,プラスチック製容器包装,,19,18,ごみ分別辞典,table_cell_geometry_extracted
雨水枡のふた（金属製）,item_0094,雨水枡のふた（金属製）,,,金・ガ,金物・ガラス類,,19,18,ごみ分別辞典,table_cell_geometry_extracted
雨水枡のふた（プラスチック製） 袋に入らないものは 「粗大」,item_0095,雨水枡のふた（プラスチック製）,,袋に入らないものは 「粗大」,可燃,可燃ごみ,,19,18,ごみ分別辞典,table_cell_geometry_extracted
植木ばさみ 危なくないようにする 袋に入らないものは「粗大」,item_0096,植木ばさみ,,危なくないようにする 袋に入らないものは「粗大」,金・ガ,金物・ガラス類,,19,18,ごみ分別辞典,table_cell_geometry_extracted
うちわ,item_0097,うちわ,,,可燃,可燃ごみ,,19,18,ごみ分別辞典,table_cell_geometry_extracted
植木鉢（硬プラスチック製） 袋に入れて出す,item_0098,植木鉢（硬プラスチック製）,,袋に入れて出す,可燃,可燃ごみ,,19,18,ごみ分別辞典,table_cell_geometry_extracted
ウッドカーペット,item_0099,ウッドカーペット,,,可燃,可燃ごみ,,19,18,ごみ分別辞典,table_cell_geometry_extracted
腕時計,item_0100,腕時計,,,粗大,粗大ごみ,,19,18,ごみ分別辞典,table_cell_geometry_extracted
植木鉢（陶器製）,item_0101,植木鉢（陶器製）,,,埋立,埋立ごみ,,19,18,ごみ分別辞典,table_cell_geometry_extracted
乳母車,item_0102,乳母車,,,粗大,粗大ごみ,,19,18,ごみ分別辞典,table_cell_geometry_extracted
ウエストバッグ（ポーチ）,item_0103,ウエストバッグ（ポーチ）,,,可燃,可燃ごみ,,19,18,ごみ分別辞典,table_cell_geometry_extracted
ウレタンマット 袋に入るものは「可燃」,item_0104,ウレタンマット,,袋に入るものは「可燃」,粗大,粗大ごみ,,19,18,ごみ分別辞典,table_cell_geometry_extracted
ウエットスーツ 袋に入らない場合は「粗大」,item_0105,ウエットスーツ,,袋に入らない場合は「粗大」,可燃,可燃ごみ,,19,18,ごみ分別辞典,table_cell_geometry_extracted
運動靴,item_0106,運動靴,,,可燃,可燃ごみ,,19,18,ごみ分別辞典,table_cell_geometry_extracted
エアキャップ（ぷちぷち）,item_0107,エアキャップ（ぷちぷち）,,,プラ,プラスチック製容器包装,,19,18,ごみ分別辞典,table_cell_geometry_extracted
栄養ドリンクびんのキャップ（金属製）,item_0108,栄養ドリンクびんのキャップ（金属製）,,,金・ガ,金物・ガラス類,,19,18,ごみ分別辞典,table_cell_geometry_extracted
エアクッション（エアシート）,item_0109,エアクッション（エアシート）,,,プラ,プラスチック製容器包装,,19,18,ごみ分別辞典,table_cell_geometry_extracted
エアコン（室内機・室外機） 家電4 品目 P.49 参照,item_0110,エアコン（室内機・室外機）,,家電4 品目 P.49 参照,禁止,市が収集しないごみ,,19,18,ごみ分別辞典,table_cell_geometry_extracted
液晶テレビ 家電4 品目 P.49 参照,item_0111,液晶テレビ,,家電4 品目 P.49 参照,禁止,市が収集しないごみ,,19,18,ごみ分別辞典,table_cell_geometry_extracted
エアポンプ（プラスチック製） 電動式は電池をはずし て「粗大」,item_0112,エアポンプ（プラスチック製）,,電動式は電池をはずし て「粗大」,可燃,可燃ごみ,,19,18,ごみ分別辞典,table_cell_geometry_extracted
液体洗剤の容器 すすいで出す 紙製は「可燃」 キャップ・注ぎ口は「プラ」,item_0113,液体洗剤の容器,,すすいで出す 紙製は「可燃」 キャップ・注ぎ口は「プラ」,プラ,プラスチック製容器包装,,19,18,ごみ分別辞典,table_cell_geometry_extracted
エアマット,item_0114,エアマット,,,可燃,可燃ごみ,,19,18,ごみ分別辞典,table_cell_geometry_extracted
液体のりの容器 汚れを取り除く 金属製のものは「金・ガ」,item_0115,液体のりの容器,,汚れを取り除く 金属製のものは「金・ガ」,プラ,プラスチック製容器包装,,19,18,ごみ分別辞典,table_cell_geometry_extracted
映写機（家庭用） 事業用のものは排出禁止,item_0116,映写機（家庭用）,,事業用のものは排出禁止,粗大,粗大ごみ,,19,18,ごみ分別辞典,table_cell_geometry_extracted
栄養ドリンクびん キャップをはずし、す すいで出す,item_0117,栄養ドリンクびん,,キャップをはずし、す すいで出す,金・ガ,金物・ガラス類,,19,18,ごみ分別辞典,table_cell_geometry_extracted
液体肥料の容器（プラスチック製） すすいで出す,item_0118,液体肥料の容器（プラスチック製）,,すすいで出す,プラ,プラスチック製容器包装,,19,18,ごみ分別辞典,table_cell_geometry_extracted
枝 「木」P.22 フロー図参照,item_0119,枝,,「木」P.22 フロー図参照,,,wood_disposal_flow,20,19,ごみ分別辞典,source_refers_to_decision_flow
LED 電球,item_0120,LED 電球,,,粗大,粗大ごみ,,20,19,ごみ分別辞典,table_cell_geometry_extracted
枝切りばさみ,item_0121,枝切りばさみ,,,金・ガ,金物・ガラス類,,20,19,ごみ分別辞典,table_cell_geometry_extracted
エレキギター,item_0122,エレキギター,,,粗大,粗大ごみ,,20,19,ごみ分別辞典,table_cell_geometry_extracted
柄つきタワシ,item_0123,柄つきタワシ,,,可燃,可燃ごみ,,20,19,ごみ分別辞典,table_cell_geometry_extracted
エレクトーン なるべく販売店などへ,item_0124,エレクトーン,,なるべく販売店などへ,粗大,粗大ごみ,,20,19,ごみ分別辞典,table_cell_geometry_extracted
絵の具（チューブを含む） プラチューブは「プラ」,item_0125,絵の具（チューブを含む）,,プラチューブは「プラ」,可燃,可燃ごみ,,20,19,ごみ分別辞典,table_cell_geometry_extracted
塩化ビニール管 長さを120cm 程度まで にして出す,item_0126,塩化ビニール管,,長さを120cm 程度まで にして出す,粗大,粗大ごみ,,20,19,ごみ分別辞典,table_cell_geometry_extracted
絵の具の紙箱 プラスチック製のシート は「プラ」,item_0127,絵の具の紙箱,,プラスチック製のシート は「プラ」,紙類,紙類,,20,19,ごみ分別辞典,table_cell_geometry_extracted
園芸用支柱 袋に入るものは「金・ガ」,item_0128,園芸用支柱,,袋に入るものは「金・ガ」,粗大,粗大ごみ,,20,19,ごみ分別辞典,table_cell_geometry_extracted
絵本,item_0129,絵本,,,紙類,紙類,,20,19,ごみ分別辞典,table_cell_geometry_extracted
エンジン,item_0130,エンジン,,,禁止,市が収集しないごみ,,20,19,ごみ分別辞典,table_cell_geometry_extracted
MO・MD（ケースを含む） 中の台紙は「紙類（雑がみ）」 シールは「可燃」,item_0131,MO・MD（ケースを含む）,,中の台紙は「紙類（雑がみ）」 シールは「可燃」,可燃,可燃ごみ,,20,19,ごみ分別辞典,table_cell_geometry_extracted
縁台,item_0132,縁台,,,粗大,粗大ごみ,,20,19,ごみ分別辞典,table_cell_geometry_extracted
延長コード（テーブルタップ）,item_0133,延長コード（テーブルタップ）,,,粗大,粗大ごみ,,20,19,ごみ分別辞典,table_cell_geometry_extracted
MD プレーヤー バッテリー・電池ははずす,item_0134,MD プレーヤー,,バッテリー・電池ははずす,粗大,粗大ごみ,,20,19,ごみ分別辞典,table_cell_geometry_extracted
鉛筆,item_0135,鉛筆,,,可燃,可燃ごみ,,20,19,ごみ分別辞典,table_cell_geometry_extracted
衣紋掛け,item_0136,衣紋掛け,,,粗大,粗大ごみ,,20,19,ごみ分別辞典,table_cell_geometry_extracted
鉛筆削り 携帯用のものは「金・ガ」,item_0137,鉛筆削り,,携帯用のものは「金・ガ」,粗大,粗大ごみ,,20,19,ごみ分別辞典,table_cell_geometry_extracted
オアシス（園芸用）,item_0138,オアシス（園芸用）,,,可燃,可燃ごみ,,20,19,ごみ分別辞典,table_cell_geometry_extracted
落ち葉 1 回に3 袋まで,item_0139,落ち葉,,1 回に3 袋まで,可燃,可燃ごみ,,20,19,ごみ分別辞典,table_cell_geometry_extracted
オイル（食用・機械） 布・新聞紙などにしみ こませ、少量ずつ出す,item_0140,オイル（食用・機械）,,布・新聞紙などにしみ こませ、少量ずつ出す,可燃,可燃ごみ,,20,19,ごみ分別辞典,table_cell_geometry_extracted
お茶の缶,item_0141,お茶の缶,,,金・ガ,金物・ガラス類,,20,19,ごみ分別辞典,table_cell_geometry_extracted
お手ふき,item_0142,お手ふき,,,可燃,可燃ごみ,,20,19,ごみ分別辞典,table_cell_geometry_extracted
オイルの缶 使いきって出す 袋に入らないものは「粗大」,item_0143,オイルの缶,,使いきって出す 袋に入らないものは「粗大」,金・ガ,金物・ガラス類,,20,19,ごみ分別辞典,table_cell_geometry_extracted
お手ふきの外袋,item_0144,お手ふきの外袋,,,プラ,プラスチック製容器包装,,20,19,ごみ分別辞典,table_cell_geometry_extracted
落し蓋（金属製）,item_0145,落し蓋（金属製）,,,金・ガ,金物・ガラス類,,20,19,ごみ分別辞典,table_cell_geometry_extracted
オイルヒーター,item_0146,オイルヒーター,,,粗大,粗大ごみ,,20,19,ごみ分別辞典,table_cell_geometry_extracted
落し蓋（木製）,item_0147,落し蓋（木製）,,,可燃,可燃ごみ,,20,19,ごみ分別辞典,table_cell_geometry_extracted
王冠（キャップ）,item_0148,王冠（キャップ）,,,金・ガ,金物・ガラス類,,20,19,ごみ分別辞典,table_cell_geometry_extracted
おにぎりの外装フィルム 中身を残さない,item_0149,おにぎりの外装フィルム,,中身を残さない,プラ,プラスチック製容器包装,,20,19,ごみ分別辞典,table_cell_geometry_extracted
応接椅子 粗大申込時は「１脚が１点」,item_0150,応接椅子,,粗大申込時は「１脚が１点」,粗大,粗大ごみ,,20,19,ごみ分別辞典,table_cell_geometry_extracted
斧 危なくないようにする,item_0151,斧,,危なくないようにする,粗大,粗大ごみ,,20,19,ごみ分別辞典,table_cell_geometry_extracted
応接テーブル,item_0152,応接テーブル,,,粗大,粗大ごみ,,20,19,ごみ分別辞典,table_cell_geometry_extracted
帯,item_0153,帯,,,可燃,可燃ごみ,,20,19,ごみ分別辞典,table_cell_geometry_extracted
オーディオ製品,item_0154,オーディオ製品,,,粗大,粗大ごみ,,20,19,ごみ分別辞典,table_cell_geometry_extracted
汚物入れ 金属製のものは「金・ガ」 陶器製のものは「埋立」,item_0155,汚物入れ,,金属製のものは「金・ガ」 陶器製のものは「埋立」,可燃,可燃ごみ,,20,19,ごみ分別辞典,table_cell_geometry_extracted
オーディオラック,item_0156,オーディオラック,,,粗大,粗大ごみ,,20,19,ごみ分別辞典,table_cell_geometry_extracted
オートバイ（50cc 以下） 燃料・オイル・バッテリー を抜き取り廃車手続を する P.47 参照,item_0157,オートバイ（50cc 以下）,,燃料・オイル・バッテリー を抜き取り廃車手続を する P.47 参照,禁止,市が収集しないごみ,,20,19,ごみ分別辞典,table_cell_geometry_extracted
おぼん 金属製のものは「金・ガ」 袋に入らないものは「粗大」,item_0158,おぼん,,金属製のものは「金・ガ」 袋に入らないものは「粗大」,可燃,可燃ごみ,,20,19,ごみ分別辞典,table_cell_geometry_extracted
おまる 洗って出す,item_0159,おまる,,洗って出す,粗大,粗大ごみ,,20,19,ごみ分別辞典,table_cell_geometry_extracted
オートバイ（50ccを超える） 販売店などに相談 P.47 参照,item_0160,オートバイ（50ccを超える）,,販売店などに相談 P.47 参照,禁止,市が収集しないごみ,,20,19,ごみ分別辞典,table_cell_geometry_extracted
おむつ・おむつカバー 汚物はトイレに流す,item_0161,おむつ・おむつカバー,,汚物はトイレに流す,可燃,可燃ごみ,,20,19,ごみ分別辞典,table_cell_geometry_extracted
オードブルの容器（プラスチック製） 汚れを取り除く,item_0162,オードブルの容器（プラスチック製）,,汚れを取り除く,プラ,プラスチック製容器包装,,20,19,ごみ分別辞典,table_cell_geometry_extracted
おもちゃ（金属製） 袋に入らないもの、電気・ 電池を使用するものは 「粗大」 電池ははずす,item_0163,おもちゃ（金属製）,,袋に入らないもの、電気・ 電池を使用するものは 「粗大」 電池ははずす,金・ガ,金物・ガラス類,,20,19,ごみ分別辞典,table_cell_geometry_extracted
オーブン（レンジ・トースター）,item_0164,オーブン（レンジ・トースター）,,,粗大,粗大ごみ,,20,19,ごみ分別辞典,table_cell_geometry_extracted
おもちゃ（プラスチック製）・（木製） 袋に入らないもの、電気・ 電池を使用するものは 「粗大」 電池ははずす,item_0165,おもちゃ（プラスチック製）・（木製）,,袋に入らないもの、電気・ 電池を使用するものは 「粗大」 電池ははずす,可燃,可燃ごみ,,20,19,ごみ分別辞典,table_cell_geometry_extracted
OA 用紙,item_0166,OA 用紙,,,紙類,紙類,,20,19,ごみ分別辞典,table_cell_geometry_extracted
おもちゃの空き箱（紙製） ビニール・金銀加工して いるものはリサイクルが 困難なため「可燃」,item_0167,おもちゃの空き箱（紙製）,,ビニール・金銀加工して いるものはリサイクルが 困難なため「可燃」,紙類,紙類,,20,19,ごみ分別辞典,table_cell_geometry_extracted
お菓子の箱 ビニール・金銀加工して いるものはリサイクルが 困難なため「可燃」,item_0168,お菓子の箱,,ビニール・金銀加工して いるものはリサイクルが 困難なため「可燃」,紙類,紙類,,20,19,ごみ分別辞典,table_cell_geometry_extracted
おもり（釣り用）,item_0169,おもり（釣り用）,,,金・ガ,金物・ガラス類,,20,19,ごみ分別辞典,table_cell_geometry_extracted
お菓子・パンなどの袋（内側が銀色のものも含む） 中身を残さない 紙製のものは「可燃」,item_0170,お菓子・パンなどの袋（内側が銀色のものも含む）,,中身を残さない 紙製のものは「可燃」,プラ,プラスチック製容器包装,,20,19,ごみ分別辞典,table_cell_geometry_extracted
折り紙 「金・銀」はリサイクル が困難なため「可燃」,item_0171,折り紙,,「金・銀」はリサイクル が困難なため「可燃」,紙類,紙類,,20,19,ごみ分別辞典,table_cell_geometry_extracted
置時計 電池ははずす,item_0172,置時計,,電池ははずす,粗大,粗大ごみ,,20,19,ごみ分別辞典,table_cell_geometry_extracted
折り込みチラシ 新聞紙と一緒に出す,item_0173,折り込みチラシ,,新聞紙と一緒に出す,紙類,紙類,,20,19,ごみ分別辞典,table_cell_geometry_extracted
おけ 金属製のものは「金・ガ」 袋に入らないものは「粗大」,item_0174,おけ,,金属製のものは「金・ガ」 袋に入らないものは「粗大」,可燃,可燃ごみ,,20,19,ごみ分別辞典,table_cell_geometry_extracted
折りたたみ椅子,item_0175,折りたたみ椅子,,,粗大,粗大ごみ,,20,19,ごみ分別辞典,table_cell_geometry_extracted
折りたたみ傘,item_0176,折りたたみ傘,,,粗大,粗大ごみ,,20,19,ごみ分別辞典,table_cell_geometry_extracted
押しピン 危なくないようにする,item_0177,押しピン,,危なくないようにする,金・ガ,金物・ガラス類,,20,19,ごみ分別辞典,table_cell_geometry_extracted
折りたたみ机,item_0178,折りたたみ机,,,粗大,粗大ごみ,,20,19,ごみ分別辞典,table_cell_geometry_extracted
おしゃぶり,item_0179,おしゃぶり,,,可燃,可燃ごみ,,20,19,ごみ分別辞典,table_cell_geometry_extracted
折りたたみベッド,item_0180,折りたたみベッド,,,粗大,粗大ごみ,,20,19,ごみ分別辞典,table_cell_geometry_extracted
お玉杓子（金属製） 木・プラスチック製の ものは「可燃」,item_0181,お玉杓子（金属製）,,木・プラスチック製の ものは「可燃」,金・ガ,金物・ガラス類,,20,19,ごみ分別辞典,table_cell_geometry_extracted
折り詰め容器 汚れを取り除く,item_0182,折り詰め容器,,汚れを取り除く,プラ,プラスチック製容器包装,,20,19,ごみ分別辞典,table_cell_geometry_extracted
オルガン なるべく販売店などへ,item_0183,オルガン,,なるべく販売店などへ,粗大,粗大ごみ,,20,19,ごみ分別辞典,table_cell_geometry_extracted
オルゴール,item_0184,オルゴール,,,粗大,粗大ごみ,,21,20,ごみ分別辞典,table_cell_geometry_extracted
温度計・湿度計（水銀使用）,item_0185,温度計・湿度計（水銀使用）,,,水銀,水銀ごみ,,21,20,ごみ分別辞典,table_cell_geometry_extracted
おろし金 陶磁器製のものは「埋立」,item_0186,おろし金,,陶磁器製のものは「埋立」,金・ガ,金物・ガラス類,,21,20,ごみ分別辞典,table_cell_geometry_extracted
温度計・湿度計（水銀不使用） 枠付きのものは「可燃」,item_0187,温度計・湿度計（水銀不使用）,,枠付きのものは「可燃」,金・ガ,金物・ガラス類,,21,20,ごみ分別辞典,table_cell_geometry_extracted
オロナインのびん,item_0188,オロナインのびん,,,金・ガ,金物・ガラス類,,21,20,ごみ分別辞典,table_cell_geometry_extracted
おわん 陶磁器製のものは「埋立」,item_0189,おわん,,陶磁器製のものは「埋立」,可燃,可燃ごみ,,21,20,ごみ分別辞典,table_cell_geometry_extracted
温度計・湿度計（デジタル式） 電池ははずす,item_0190,温度計・湿度計（デジタル式）,,電池ははずす,粗大,粗大ごみ,,21,20,ごみ分別辞典,table_cell_geometry_extracted
音響機器,item_0191,音響機器,,,粗大,粗大ごみ,,21,20,ごみ分別辞典,table_cell_geometry_extracted
温水器（電気・ソーラーなど） 販売店などに相談,item_0192,温水器（電気・ソーラーなど）,,販売店などに相談,禁止,市が収集しないごみ,,21,20,ごみ分別辞典,table_cell_geometry_extracted
温冷庫（ポータブル） 家電4 品目 P.49 参照,item_0193,温冷庫（ポータブル）,,家電4 品目 P.49 参照,禁止,市が収集しないごみ,,21,20,ごみ分別辞典,table_cell_geometry_extracted
カーステレオ,item_0194,カーステレオ,,,粗大,粗大ごみ,,21,20,ごみ分別辞典,table_cell_geometry_extracted
掛軸,item_0195,掛軸,,,可燃,可燃ごみ,,21,20,ごみ分別辞典,table_cell_geometry_extracted
ガーゼ,item_0196,ガーゼ,,,可燃,可燃ごみ,,21,20,ごみ分別辞典,table_cell_geometry_extracted
掛け時計 電池ははずす,item_0197,掛け時計,,電池ははずす,粗大,粗大ごみ,,21,20,ごみ分別辞典,table_cell_geometry_extracted
カーテン,item_0198,カーテン,,,可燃,可燃ごみ,,21,20,ごみ分別辞典,table_cell_geometry_extracted
かご 金属製のものは「金・ガ」 袋に入らないものは「粗大」,item_0199,かご,,金属製のものは「金・ガ」 袋に入らないものは「粗大」,可燃,可燃ごみ,,21,20,ごみ分別辞典,table_cell_geometry_extracted
ガーデンフェンス ラティスなどの園芸用,item_0200,ガーデンフェンス,,ラティスなどの園芸用,粗大,粗大ごみ,,21,20,ごみ分別辞典,table_cell_geometry_extracted
カーテンレール,item_0201,カーテンレール,,,粗大,粗大ごみ,,21,20,ごみ分別辞典,table_cell_geometry_extracted
傘 複数の場合はしばって出す,item_0202,傘,,複数の場合はしばって出す,粗大,粗大ごみ,,21,20,ごみ分別辞典,table_cell_geometry_extracted
カート,item_0203,カート,,,粗大,粗大ごみ,,21,20,ごみ分別辞典,table_cell_geometry_extracted
傘立て 陶磁器製のものは「埋立」,item_0204,傘立て,,陶磁器製のものは「埋立」,粗大,粗大ごみ,,21,20,ごみ分別辞典,table_cell_geometry_extracted
カードゲーム ビニール加工などされ ており、リサイクルが 困難なため,item_0205,カードゲーム,,ビニール加工などされ ており、リサイクルが 困難なため,可燃,可燃ごみ,,21,20,ごみ分別辞典,table_cell_geometry_extracted
加湿器,item_0206,加湿器,,,粗大,粗大ごみ,,21,20,ごみ分別辞典,table_cell_geometry_extracted
菓子などの袋（内側が銀色のものも含む） 中身を残さない 紙製のものは「可燃」,item_0207,菓子などの袋（内側が銀色のものも含む）,,中身を残さない 紙製のものは「可燃」,プラ,プラスチック製容器包装,,21,20,ごみ分別辞典,table_cell_geometry_extracted
カートリッジ（浄水器・プリンター用） プリンターのインク カートリッジは、なる べく支所等の回収箱へ,item_0208,カートリッジ（浄水器・プリンター用）,,プリンターのインク カートリッジは、なる べく支所等の回収箱へ,可燃,可燃ごみ,,21,20,ごみ分別辞典,table_cell_geometry_extracted
菓子の缶（金属製）,item_0209,菓子の缶（金属製）,,,金・ガ,金物・ガラス類,,21,20,ごみ分別辞典,table_cell_geometry_extracted
ガードル,item_0210,ガードル,,,可燃,可燃ごみ,,21,20,ごみ分別辞典,table_cell_geometry_extracted
菓子箱（紙製） ビニール・金銀加工して いるものはリサイクルが 困難なため「可燃」,item_0211,菓子箱（紙製）,,ビニール・金銀加工して いるものはリサイクルが 困難なため「可燃」,紙類,紙類,,21,20,ごみ分別辞典,table_cell_geometry_extracted
カード類,item_0212,カード類,,,可燃,可燃ごみ,,21,20,ごみ分別辞典,table_cell_geometry_extracted
カーナビ（カーナビゲーション）,item_0213,カーナビ（カーナビゲーション）,,,粗大,粗大ごみ,,21,20,ごみ分別辞典,table_cell_geometry_extracted
菓子箱（木製）,item_0214,菓子箱（木製）,,,可燃,可燃ごみ,,21,20,ごみ分別辞典,table_cell_geometry_extracted
カーペット 袋に入るものは「可燃」,item_0215,カーペット,,袋に入るものは「可燃」,粗大,粗大ごみ,,21,20,ごみ分別辞典,table_cell_geometry_extracted
ガスコンロ 電池ははずす,item_0216,ガスコンロ,,電池ははずす,粗大,粗大ごみ,,21,20,ごみ分別辞典,table_cell_geometry_extracted
カーペットローラー 袋に入らないものは「粗大」 全体がプラスチック製 のものは「可燃」,item_0217,カーペットローラー,,袋に入らないものは「粗大」 全体がプラスチック製 のものは「可燃」,金・ガ,金物・ガラス類,,21,20,ごみ分別辞典,table_cell_geometry_extracted
ガスストーブ 電池ははずす,item_0218,ガスストーブ,,電池ははずす,粗大,粗大ごみ,,21,20,ごみ分別辞典,table_cell_geometry_extracted
ガス台 電池ははずす,item_0219,ガス台,,電池ははずす,粗大,粗大ごみ,,21,20,ごみ分別辞典,table_cell_geometry_extracted
カーボン紙 リサイクルが困難なため,item_0220,カーボン紙,,リサイクルが困難なため,可燃,可燃ごみ,,21,20,ごみ分別辞典,table_cell_geometry_extracted
カスタネット,item_0221,カスタネット,,,可燃,可燃ごみ,,21,20,ごみ分別辞典,table_cell_geometry_extracted
カーラー 電気を使用しているもの は「粗大」,item_0222,カーラー,,電気を使用しているもの は「粗大」,可燃,可燃ごみ,,21,20,ごみ分別辞典,table_cell_geometry_extracted
ガスボンベ（LP・高圧） 販売店などに相談,item_0223,ガスボンベ（LP・高圧）,,販売店などに相談,禁止,市が収集しないごみ,,21,20,ごみ分別辞典,table_cell_geometry_extracted
ガス湯沸し器 電池ははずす,item_0224,ガス湯沸し器,,電池ははずす,粗大,粗大ごみ,,21,20,ごみ分別辞典,table_cell_geometry_extracted
貝殻,item_0225,貝殻,,,可燃,可燃ごみ,,21,20,ごみ分別辞典,table_cell_geometry_extracted
ガスライター（100 円ライター）,item_0226,ガスライター（100 円ライター）,,,可燃,可燃ごみ,,21,20,ごみ分別辞典,table_cell_geometry_extracted
介護ベッド,item_0227,介護ベッド,,,粗大,粗大ごみ,,21,20,ごみ分別辞典,table_cell_geometry_extracted
懐中電灯 電池・電球ははずす,item_0228,懐中電灯,,電池・電球ははずす,粗大,粗大ごみ,,21,20,ごみ分別辞典,table_cell_geometry_extracted
カセットコンロ ボンベ・電池ははずす,item_0229,カセットコンロ,,ボンベ・電池ははずす,粗大,粗大ごみ,,21,20,ごみ分別辞典,table_cell_geometry_extracted
買い物袋（マイバッグ）,item_0230,買い物袋（マイバッグ）,,,可燃,可燃ごみ,,21,20,ごみ分別辞典,table_cell_geometry_extracted
カセットテープ（ケースも含む） 中の台紙は「紙類（雑がみ）」 シールは「可燃」,item_0231,カセットテープ（ケースも含む）,,中の台紙は「紙類（雑がみ）」 シールは「可燃」,可燃,可燃ごみ,,21,20,ごみ分別辞典,table_cell_geometry_extracted
カイロ（使いきり型） 「燃えないごみで」と表記 されていても「可燃」,item_0232,カイロ（使いきり型）,,「燃えないごみで」と表記 されていても「可燃」,可燃,可燃ごみ,,21,20,ごみ分別辞典,table_cell_geometry_extracted
カセットデッキ 電池ははずす,item_0233,カセットデッキ,,電池ははずす,粗大,粗大ごみ,,21,20,ごみ分別辞典,table_cell_geometry_extracted
化学肥料,item_0234,化学肥料,,,可燃,可燃ごみ,,21,20,ごみ分別辞典,table_cell_geometry_extracted
カセットボンベ 必ず使い切る,item_0235,カセットボンベ,,必ず使い切る,金・ガ,金物・ガラス類,,21,20,ごみ分別辞典,table_cell_geometry_extracted
鏡 破片は紙で包み「われ もの」等と記載する,item_0236,鏡,,破片は紙で包み「われ もの」等と記載する,粗大,粗大ごみ,,21,20,ごみ分別辞典,table_cell_geometry_extracted
カセットボンベのキャップ,item_0237,カセットボンベのキャップ,,,プラ,プラスチック製容器包装,,21,20,ごみ分別辞典,table_cell_geometry_extracted
ガソリン 販売店などに相談,item_0238,ガソリン,,販売店などに相談,禁止,市が収集しないごみ,,21,20,ごみ分別辞典,table_cell_geometry_extracted
鍵,item_0239,鍵,,,金・ガ,金物・ガラス類,,21,20,ごみ分別辞典,table_cell_geometry_extracted
カタログ ビニール・金銀加工して いるものはリサイクルが 困難なため「可燃」,item_0240,カタログ,,ビニール・金銀加工して いるものはリサイクルが 困難なため「可燃」,紙類,紙類,,21,20,ごみ分別辞典,table_cell_geometry_extracted
かき氷機 電池ははずす,item_0241,かき氷機,,電池ははずす,粗大,粗大ごみ,,21,20,ごみ分別辞典,table_cell_geometry_extracted
学習デスク,item_0242,学習デスク,,,粗大,粗大ごみ,,21,20,ごみ分別辞典,table_cell_geometry_extracted
カチューシャ,item_0243,カチューシャ,,,可燃,可燃ごみ,,21,20,ごみ分別辞典,table_cell_geometry_extracted
額縁（木製） 金属製のものは「金・ガ」 袋に入らないものは「粗大」,item_0244,額縁（木製）,,金属製のものは「金・ガ」 袋に入らないものは「粗大」,可燃,可燃ごみ,,21,20,ごみ分別辞典,table_cell_geometry_extracted
活性炭,item_0245,活性炭,,,可燃,可燃ごみ,,21,20,ごみ分別辞典,table_cell_geometry_extracted
カッターナイフ（金属製） 危なくないようにする,item_0246,カッターナイフ（金属製）,,危なくないようにする,金・ガ,金物・ガラス類,,21,20,ごみ分別辞典,table_cell_geometry_extracted
カッターナイフ本体（プラスチック製） 刃は「金・ガ」 危なくないようにする,item_0247,カッターナイフ本体（プラスチック製）,,刃は「金・ガ」 危なくないようにする,可燃,可燃ごみ,,22,21,ごみ分別辞典,table_cell_geometry_extracted
紙袋の取っ手（プラスチック製）,item_0248,紙袋の取っ手（プラスチック製）,,,プラ,プラスチック製容器包装,,22,21,ごみ分別辞典,table_cell_geometry_extracted
カットウィッグ 事業用のものは 排出禁止 P.3 参照,item_0249,カットウィッグ,,事業用のものは 排出禁止 P.3 参照,粗大,粗大ごみ,,22,21,ごみ分別辞典,table_cell_geometry_extracted
紙やすり,item_0250,紙やすり,,,可燃,可燃ごみ,,22,21,ごみ分別辞典,table_cell_geometry_extracted
ガム,item_0251,ガム,,,可燃,可燃ごみ,,22,21,ごみ分別辞典,table_cell_geometry_extracted
カッパ,item_0252,カッパ,,,可燃,可燃ごみ,,22,21,ごみ分別辞典,table_cell_geometry_extracted
ガムテープ,item_0253,ガムテープ,,,可燃,可燃ごみ,,22,21,ごみ分別辞典,table_cell_geometry_extracted
カップめんの調味料袋 汚れを取り除く,item_0254,カップめんの調味料袋,,汚れを取り除く,プラ,プラスチック製容器包装,,22,21,ごみ分別辞典,table_cell_geometry_extracted
カメラ バッテリー・電池ははずす,item_0255,カメラ,,バッテリー・電池ははずす,粗大,粗大ごみ,,22,21,ごみ分別辞典,table_cell_geometry_extracted
カップめんのふた（紙製） リサイクルが困難なため,item_0256,カップめんのふた（紙製）,,リサイクルが困難なため,可燃,可燃ごみ,,22,21,ごみ分別辞典,table_cell_geometry_extracted
カメラの望遠レンズ,item_0257,カメラの望遠レンズ,,,粗大,粗大ごみ,,22,21,ごみ分別辞典,table_cell_geometry_extracted
カップめんのふた（プラスチック製） 汚れを取り除く,item_0258,カップめんのふた（プラスチック製）,,汚れを取り除く,プラ,プラスチック製容器包装,,22,21,ごみ分別辞典,table_cell_geometry_extracted
蚊帳 袋に入らないものは「粗大」,item_0259,蚊帳,,袋に入らないものは「粗大」,可燃,可燃ごみ,,22,21,ごみ分別辞典,table_cell_geometry_extracted
画用紙 使用済みのものも含む,item_0260,画用紙,,使用済みのものも含む,紙類,紙類,,22,21,ごみ分別辞典,table_cell_geometry_extracted
カップめんの包装フィルム,item_0261,カップめんの包装フィルム,,,プラ,プラスチック製容器包装,,22,21,ごみ分別辞典,table_cell_geometry_extracted
カラーコーン 事業用のものは排出禁止 袋に入らないものは「粗大」,item_0262,カラーコーン,,事業用のものは排出禁止 袋に入らないものは「粗大」,可燃,可燃ごみ,,22,21,ごみ分別辞典,table_cell_geometry_extracted
カップめんの容器（紙製） リサイクルが困難なため,item_0263,カップめんの容器（紙製）,,リサイクルが困難なため,可燃,可燃ごみ,,22,21,ごみ分別辞典,table_cell_geometry_extracted
カップめんの容器（プラスチック製） 汚れを取り除く,item_0264,カップめんの容器（プラスチック製）,,汚れを取り除く,プラ,プラスチック製容器包装,,22,21,ごみ分別辞典,table_cell_geometry_extracted
カラーボックス,item_0265,カラーボックス,,,粗大,粗大ごみ,,22,21,ごみ分別辞典,table_cell_geometry_extracted
カラオケ機器 バッテリー・電池ははずす,item_0266,カラオケ機器,,バッテリー・電池ははずす,粗大,粗大ごみ,,22,21,ごみ分別辞典,table_cell_geometry_extracted
かつら,item_0267,かつら,,,可燃,可燃ごみ,,22,21,ごみ分別辞典,table_cell_geometry_extracted
カラオケ用カセットテープ 中の台紙は「紙類（雑がみ）」 シールは「可燃」,item_0268,カラオケ用カセットテープ,,中の台紙は「紙類（雑がみ）」 シールは「可燃」,可燃,可燃ごみ,,22,21,ごみ分別辞典,table_cell_geometry_extracted
門松 袋に入らないものは「粗大」,item_0269,門松,,袋に入らないものは「粗大」,可燃,可燃ごみ,,22,21,ごみ分別辞典,table_cell_geometry_extracted
蚊取り線香,item_0270,蚊取り線香,,,可燃,可燃ごみ,,22,21,ごみ分別辞典,table_cell_geometry_extracted
ガラス製品 破片は紙で包み「われ もの」等と記載する,item_0271,ガラス製品,,破片は紙で包み「われ もの」等と記載する,金・ガ,金物・ガラス類,,22,21,ごみ分別辞典,table_cell_geometry_extracted
蚊取り線香（電気式） 電池ははずす,item_0272,蚊取り線香（電気式）,,電池ははずす,粗大,粗大ごみ,,22,21,ごみ分別辞典,table_cell_geometry_extracted
金網 袋に入るものは「金・ガ」,item_0273,金網,,袋に入るものは「金・ガ」,粗大,粗大ごみ,,22,21,ごみ分別辞典,table_cell_geometry_extracted
軽石,item_0274,軽石,,,埋立,埋立ごみ,,22,21,ごみ分別辞典,table_cell_geometry_extracted
かなづち,item_0275,かなづち,,,金・ガ,金物・ガラス類,,22,21,ごみ分別辞典,table_cell_geometry_extracted
枯葉 1 回に3 袋まで,item_0276,枯葉,,1 回に3 袋まで,可燃,可燃ごみ,,22,21,ごみ分別辞典,table_cell_geometry_extracted
加熱式たばこ,item_0277,加熱式たばこ,,,粗大,粗大ごみ,,22,21,ごみ分別辞典,table_cell_geometry_extracted
カレンダー 金属部分は「金・ガ」,item_0278,カレンダー,,金属部分は「金・ガ」,紙類,紙類,,22,21,ごみ分別辞典,table_cell_geometry_extracted
かばん（手提げ） 袋に入らないものは「粗大」,item_0279,かばん（手提げ）,,袋に入らないものは「粗大」,可燃,可燃ごみ,,22,21,ごみ分別辞典,table_cell_geometry_extracted
革製品,item_0280,革製品,,,可燃,可燃ごみ,,22,21,ごみ分別辞典,table_cell_geometry_extracted
画板,item_0281,画板,,,粗大,粗大ごみ,,22,21,ごみ分別辞典,table_cell_geometry_extracted
皮むき器,item_0282,皮むき器,,,金・ガ,金物・ガラス類,,22,21,ごみ分別辞典,table_cell_geometry_extracted
がびょう 危なくないようにする,item_0283,がびょう,,危なくないようにする,金・ガ,金物・ガラス類,,22,21,ごみ分別辞典,table_cell_geometry_extracted
瓦 ひもでしばって排出も可 1束あたり5 枚程度 1回に3 束まで,item_0284,瓦,,ひもでしばって排出も可 1束あたり5 枚程度 1回に3 束まで,埋立,埋立ごみ,,22,21,ごみ分別辞典,table_cell_geometry_extracted
花瓶（ガラス製） 袋に入れて出す,item_0285,花瓶（ガラス製）,,袋に入れて出す,金・ガ,金物・ガラス類,,22,21,ごみ分別辞典,table_cell_geometry_extracted
花瓶（陶磁器製） 袋に入れて出す,item_0286,花瓶（陶磁器製）,,袋に入れて出す,埋立,埋立ごみ,,22,21,ごみ分別辞典,table_cell_geometry_extracted
缶（アルミ・スチール） すすいで出す,item_0287,缶（アルミ・スチール）,,すすいで出す,金・ガ,金物・ガラス類,,22,21,ごみ分別辞典,table_cell_geometry_extracted
壁紙,item_0288,壁紙,,,可燃,可燃ごみ,,22,21,ごみ分別辞典,table_cell_geometry_extracted
換気扇,item_0289,換気扇,,,粗大,粗大ごみ,,22,21,ごみ分別辞典,table_cell_geometry_extracted
釜 袋に入るものは「金・ガ」,item_0290,釜,,袋に入るものは「金・ガ」,粗大,粗大ごみ,,22,21,ごみ分別辞典,table_cell_geometry_extracted
換気扇カバー・フィルター 金属製のものは「金・ガ」,item_0291,換気扇カバー・フィルター,,金属製のものは「金・ガ」,可燃,可燃ごみ,,22,21,ごみ分別辞典,table_cell_geometry_extracted
鎌 危なくないようにする,item_0292,鎌,,危なくないようにする,金・ガ,金物・ガラス類,,22,21,ごみ分別辞典,table_cell_geometry_extracted
缶切り,item_0293,缶切り,,,金・ガ,金物・ガラス類,,22,21,ごみ分別辞典,table_cell_geometry_extracted
かまぼこ板,item_0294,かまぼこ板,,,可燃,可燃ごみ,,22,21,ごみ分別辞典,table_cell_geometry_extracted
緩衝材 紙製のものは「可燃」 箱と商品のすき間を詰め ている小さな粒状の発泡 スチロールは「可燃」,item_0295,緩衝材,,紙製のものは「可燃」 箱と商品のすき間を詰め ている小さな粒状の発泡 スチロールは「可燃」,プラ,プラスチック製容器包装,,22,21,ごみ分別辞典,table_cell_geometry_extracted
紙おむつ 汚物はトイレに流す,item_0296,紙おむつ,,汚物はトイレに流す,可燃,可燃ごみ,,22,21,ごみ分別辞典,table_cell_geometry_extracted
紙おむつの外袋,item_0297,紙おむつの外袋,,,プラ,プラスチック製容器包装,,22,21,ごみ分別辞典,table_cell_geometry_extracted
紙コップ・紙皿 リサイクルが困難なため,item_0298,紙コップ・紙皿,,リサイクルが困難なため,可燃,可燃ごみ,,22,21,ごみ分別辞典,table_cell_geometry_extracted
乾燥機 衣類乾燥機は排出禁止 P.49 参照,item_0299,乾燥機,,衣類乾燥機は排出禁止 P.49 参照,粗大,粗大ごみ,,22,21,ごみ分別辞典,table_cell_geometry_extracted
かみそり 危なくないようにする,item_0300,かみそり,,危なくないようにする,金・ガ,金物・ガラス類,,22,21,ごみ分別辞典,table_cell_geometry_extracted
かみそり（電気式） バッテリー・電池ははずす,item_0301,かみそり（電気式）,,バッテリー・電池ははずす,粗大,粗大ごみ,,22,21,ごみ分別辞典,table_cell_geometry_extracted
乾燥剤 袋のまま,item_0302,乾燥剤,,袋のまま,可燃,可燃ごみ,,22,21,ごみ分別辞典,table_cell_geometry_extracted
かみそりの刃 危なくないようにする,item_0303,かみそりの刃,,危なくないようにする,金・ガ,金物・ガラス類,,22,21,ごみ分別辞典,table_cell_geometry_extracted
缶詰 汚れを取り除く,item_0304,缶詰,,汚れを取り除く,金・ガ,金物・ガラス類,,22,21,ごみ分別辞典,table_cell_geometry_extracted
紙パック（内側が白色で500ml 以上） 洗って開いてしばる,item_0305,紙パック（内側が白色で500ml 以上）,,洗って開いてしばる,紙類,紙類,,22,21,ごみ分別辞典,table_cell_geometry_extracted
乾電池（充電式） 販売店等の回収箱へ P.48 参照,item_0306,乾電池（充電式）,,販売店等の回収箱へ P.48 参照,禁止,市が収集しないごみ,,22,21,ごみ分別辞典,table_cell_geometry_extracted
紙パック（内側が白色以外又は500ml 未満） リサイクルが困難なため,item_0307,紙パック（内側が白色以外又は500ml 未満）,,リサイクルが困難なため,可燃,可燃ごみ,,22,21,ごみ分別辞典,table_cell_geometry_extracted
乾電池,item_0308,乾電池,,,埋立,埋立ごみ,,22,21,ごみ分別辞典,table_cell_geometry_extracted
かんな 危なくないようにする,item_0309,かんな,,危なくないようにする,金・ガ,金物・ガラス類,,22,21,ごみ分別辞典,table_cell_geometry_extracted
紙袋 ビニール加工のものは「可 燃」 紙製以外の取っ手は はずす P.9 参照,item_0310,紙袋,,ビニール加工のものは「可 燃」 紙製以外の取っ手は はずす P.9 参照,紙類,紙類,,22,21,ごみ分別辞典,table_cell_geometry_extracted
感熱紙 ワープロ・ファックス用 リサイクルが困難なため,item_0311,感熱紙,,ワープロ・ファックス用 リサイクルが困難なため,可燃,可燃ごみ,,22,21,ごみ分別辞典,table_cell_geometry_extracted
紙袋の取っ手（紙・プラスチック製以外）,item_0312,紙袋の取っ手（紙・プラスチック製以外）,,,可燃,可燃ごみ,,22,21,ごみ分別辞典,table_cell_geometry_extracted
木・木の板・木の根・切株 下段フロー図参照,item_0313,木・木の板・木の根・切株,,下段フロー図参照,,,wood_disposal_flow,23,22,ごみ分別辞典,source_refers_to_decision_flow
吸入器,item_0314,吸入器,,,粗大,粗大ごみ,,23,22,ごみ分別辞典,table_cell_geometry_extracted
キーボード,item_0315,キーボード,,,粗大,粗大ごみ,,23,22,ごみ分別辞典,table_cell_geometry_extracted
牛乳パック（500ml 以上） 洗って開いてしばる,item_0316,牛乳パック（500ml 以上）,,洗って開いてしばる,紙類,紙類,,23,22,ごみ分別辞典,table_cell_geometry_extracted
キーホルダー,item_0317,キーホルダー,,,金・ガ,金物・ガラス類,,23,22,ごみ分別辞典,table_cell_geometry_extracted
牛乳パック（500ml 未満） リサイクルが困難なため,item_0318,牛乳パック（500ml 未満）,,リサイクルが困難なため,可燃,可燃ごみ,,23,22,ごみ分別辞典,table_cell_geometry_extracted
ギター・ギターケース,item_0319,ギター・ギターケース,,,粗大,粗大ごみ,,23,22,ごみ分別辞典,table_cell_geometry_extracted
牛乳びん すすいで出す,item_0320,牛乳びん,,すすいで出す,金・ガ,金物・ガラス類,,23,22,ごみ分別辞典,table_cell_geometry_extracted
キックボード,item_0321,キックボード,,,粗大,粗大ごみ,,23,22,ごみ分別辞典,table_cell_geometry_extracted
牛乳びんのふた（紙製） リサイクルが困難なため,item_0322,牛乳びんのふた（紙製）,,リサイクルが困難なため,可燃,可燃ごみ,,23,22,ごみ分別辞典,table_cell_geometry_extracted
木づち,item_0323,木づち,,,可燃,可燃ごみ,,23,22,ごみ分別辞典,table_cell_geometry_extracted
牛乳びんのふた（プラスチック製）,item_0324,牛乳びんのふた（プラスチック製）,,,プラ,プラスチック製容器包装,,23,22,ごみ分別辞典,table_cell_geometry_extracted
キッチンガード（アルミ箔）,item_0325,キッチンガード（アルミ箔）,,,可燃,可燃ごみ,,23,22,ごみ分別辞典,table_cell_geometry_extracted
キッチンタイマー 電池ははずす,item_0326,キッチンタイマー,,電池ははずす,粗大,粗大ごみ,,23,22,ごみ分別辞典,table_cell_geometry_extracted
吸盤,item_0327,吸盤,,,可燃,可燃ごみ,,23,22,ごみ分別辞典,table_cell_geometry_extracted
キッチンタオル,item_0328,キッチンタオル,,,可燃,可燃ごみ,,23,22,ごみ分別辞典,table_cell_geometry_extracted
給油ポンプ 電動式は電池をはずし て「粗大」,item_0329,給油ポンプ,,電動式は電池をはずし て「粗大」,可燃,可燃ごみ,,23,22,ごみ分別辞典,table_cell_geometry_extracted
キッチンペーパー,item_0330,キッチンペーパー,,,可燃,可燃ごみ,,23,22,ごみ分別辞典,table_cell_geometry_extracted
キッチンワゴン,item_0331,キッチンワゴン,,,粗大,粗大ごみ,,23,22,ごみ分別辞典,table_cell_geometry_extracted
教科書・ノート 取りはずすことのできる ビニールカバーは「可燃」,item_0332,教科書・ノート,,取りはずすことのできる ビニールカバーは「可燃」,紙類,紙類,,23,22,ごみ分別辞典,table_cell_geometry_extracted
きね,item_0333,きね,,,粗大,粗大ごみ,,23,22,ごみ分別辞典,table_cell_geometry_extracted
着物,item_0334,着物,,,可燃,可燃ごみ,,23,22,ごみ分別辞典,table_cell_geometry_extracted
鏡台,item_0335,鏡台,,,粗大,粗大ごみ,,23,22,ごみ分別辞典,table_cell_geometry_extracted
脚立,item_0336,脚立,,,粗大,粗大ごみ,,23,22,ごみ分別辞典,table_cell_geometry_extracted
きり 危なくないようにする,item_0337,きり,,危なくないようにする,金・ガ,金物・ガラス類,,23,22,ごみ分別辞典,table_cell_geometry_extracted
キャッシュカード,item_0338,キャッシュカード,,,可燃,可燃ごみ,,23,22,ごみ分別辞典,table_cell_geometry_extracted
切り花,item_0339,切り花,,,可燃,可燃ごみ,,23,22,ごみ分別辞典,table_cell_geometry_extracted
キャップ・ふた（金属製）,item_0340,キャップ・ふた（金属製）,,,金・ガ,金物・ガラス類,,23,22,ごみ分別辞典,table_cell_geometry_extracted
禁煙パイポ,item_0341,禁煙パイポ,,,可燃,可燃ごみ,,23,22,ごみ分別辞典,table_cell_geometry_extracted
キャップ・ふた（プラスチック製）,item_0342,キャップ・ふた（プラスチック製）,,,プラ,プラスチック製容器包装,,23,22,ごみ分別辞典,table_cell_geometry_extracted
金魚鉢（ガラス製） 袋に入れて出す,item_0343,金魚鉢（ガラス製）,,袋に入れて出す,金・ガ,金物・ガラス類,,23,22,ごみ分別辞典,table_cell_geometry_extracted
キャビネット,item_0344,キャビネット,,,粗大,粗大ごみ,,23,22,ごみ分別辞典,table_cell_geometry_extracted
金魚鉢（陶器製） 袋に入れて出す,item_0345,金魚鉢（陶器製）,,袋に入れて出す,埋立,埋立ごみ,,23,22,ごみ分別辞典,table_cell_geometry_extracted
キャリア（車用）,item_0346,キャリア（車用）,,,粗大,粗大ごみ,,23,22,ごみ分別辞典,table_cell_geometry_extracted
金魚鉢（プラスチック製） 袋に入れて出す,item_0347,金魚鉢（プラスチック製）,,袋に入れて出す,可燃,可燃ごみ,,23,22,ごみ分別辞典,table_cell_geometry_extracted
キャリーバッグ,item_0348,キャリーバッグ,,,粗大,粗大ごみ,,23,22,ごみ分別辞典,table_cell_geometry_extracted
金庫（手提げ金庫） 手提げ金庫以外のもの は排出禁止,item_0349,金庫（手提げ金庫）,,手提げ金庫以外のもの は排出禁止,粗大,粗大ごみ,,23,22,ごみ分別辞典,table_cell_geometry_extracted
急須（陶磁器製）,item_0350,急須（陶磁器製）,,,埋立,埋立ごみ,,23,22,ごみ分別辞典,table_cell_geometry_extracted
給湯器（家庭用） 電池ははずす,item_0351,給湯器（家庭用）,,電池ははずす,粗大,粗大ごみ,,23,22,ごみ分別辞典,table_cell_geometry_extracted
金属板 袋に入る場合は「金・ガ」,item_0352,金属板,,袋に入る場合は「金・ガ」,粗大,粗大ごみ,,23,22,ごみ分別辞典,table_cell_geometry_extracted
空気入れ,item_0353,空気入れ,,,粗大,粗大ごみ,,24,23,ごみ分別辞典,table_cell_geometry_extracted
首輪 金属製のものは「金・ガ」,item_0354,首輪,,金属製のものは「金・ガ」,可燃,可燃ごみ,,24,23,ごみ分別辞典,table_cell_geometry_extracted
空気清浄機（家庭用）,item_0355,空気清浄機（家庭用）,,,粗大,粗大ごみ,,24,23,ごみ分別辞典,table_cell_geometry_extracted
熊手 先が金属で袋に入るも のは「金・ガ」,item_0356,熊手,,先が金属で袋に入るも のは「金・ガ」,粗大,粗大ごみ,,24,23,ごみ分別辞典,table_cell_geometry_extracted
空気清浄機のフィルター,item_0357,空気清浄機のフィルター,,,可燃,可燃ごみ,,24,23,ごみ分別辞典,table_cell_geometry_extracted
クーハン 袋に入れば「可燃」,item_0358,クーハン,,袋に入れば「可燃」,粗大,粗大ごみ,,24,23,ごみ分別辞典,table_cell_geometry_extracted
グラインダー,item_0359,グラインダー,,,粗大,粗大ごみ,,24,23,ごみ分別辞典,table_cell_geometry_extracted
クーラー（エアコン） 家電4 品目 P.49 参照,item_0360,クーラー（エアコン）,,家電4 品目 P.49 参照,禁止,市が収集しないごみ,,24,23,ごみ分別辞典,table_cell_geometry_extracted
グラインダーの替刃 危なくないようにする,item_0361,グラインダーの替刃,,危なくないようにする,埋立,埋立ごみ,,24,23,ごみ分別辞典,table_cell_geometry_extracted
クーラーボックス 袋に入るものは「可燃」,item_0362,クーラーボックス,,袋に入るものは「可燃」,粗大,粗大ごみ,,24,23,ごみ分別辞典,table_cell_geometry_extracted
グラス 危なくないようにする,item_0363,グラス,,危なくないようにする,金・ガ,金物・ガラス類,,24,23,ごみ分別辞典,table_cell_geometry_extracted
釘 危なくないようにする,item_0364,釘,,危なくないようにする,金・ガ,金物・ガラス類,,24,23,ごみ分別辞典,table_cell_geometry_extracted
クラッカー 未使用のものは水に濡 らして出す,item_0365,クラッカー,,未使用のものは水に濡 らして出す,可燃,可燃ごみ,,24,23,ごみ分別辞典,table_cell_geometry_extracted
草 土は取り除く 1 回に3 袋まで,item_0366,草,,土は取り除く 1 回に3 袋まで,可燃,可燃ごみ,,24,23,ごみ分別辞典,table_cell_geometry_extracted
クリアファイル 取りはずすことのできる 金具は「金・ガ」,item_0367,クリアファイル,,取りはずすことのできる 金具は「金・ガ」,可燃,可燃ごみ,,24,23,ごみ分別辞典,table_cell_geometry_extracted
草刈機 農業用、大きいものは 販売店などに相談,item_0368,草刈機,,農業用、大きいものは 販売店などに相談,粗大,粗大ごみ,,24,23,ごみ分別辞典,table_cell_geometry_extracted
クリーニングのハンガー プラスチック製のもの は「可燃」,item_0369,クリーニングのハンガー,,プラスチック製のもの は「可燃」,金・ガ,金物・ガラス類,,24,23,ごみ分別辞典,table_cell_geometry_extracted
草刈機の替刃 危なくないようにする,item_0370,草刈機の替刃,,危なくないようにする,金・ガ,金物・ガラス類,,24,23,ごみ分別辞典,table_cell_geometry_extracted
鎖 プラスチック製のもの は「可燃」,item_0371,鎖,,プラスチック製のもの は「可燃」,金・ガ,金物・ガラス類,,24,23,ごみ分別辞典,table_cell_geometry_extracted
クリーニングの袋,item_0372,クリーニングの袋,,,可燃,可燃ごみ,,24,23,ごみ分別辞典,table_cell_geometry_extracted
クリスマスツリー 電池ははずす,item_0373,クリスマスツリー,,電池ははずす,粗大,粗大ごみ,,24,23,ごみ分別辞典,table_cell_geometry_extracted
櫛 金属製のものは「金・ガ」,item_0374,櫛,,金属製のものは「金・ガ」,可燃,可燃ごみ,,24,23,ごみ分別辞典,table_cell_geometry_extracted
クリスマス用長靴,item_0375,クリスマス用長靴,,,可燃,可燃ごみ,,24,23,ごみ分別辞典,table_cell_geometry_extracted
串（焼き鳥・だんごの竹串等） 危なくないようにする,item_0376,串（焼き鳥・だんごの竹串等）,,危なくないようにする,可燃,可燃ごみ,,24,23,ごみ分別辞典,table_cell_geometry_extracted
クリスマスリース,item_0377,クリスマスリース,,,可燃,可燃ごみ,,24,23,ごみ分別辞典,table_cell_geometry_extracted
薬（錠剤・カプセル等）,item_0378,薬（錠剤・カプセル等）,,,可燃,可燃ごみ,,24,23,ごみ分別辞典,table_cell_geometry_extracted
クリップ プラスチック製のもの は「可燃」,item_0379,クリップ,,プラスチック製のもの は「可燃」,金・ガ,金物・ガラス類,,24,23,ごみ分別辞典,table_cell_geometry_extracted
薬（錠剤・カプセル等）の包装シート,item_0380,薬（錠剤・カプセル等）の包装シート,,,プラ,プラスチック製容器包装,,24,23,ごみ分別辞典,table_cell_geometry_extracted
クリプトン球,item_0381,クリプトン球,,,水銀,水銀ごみ,,24,23,ごみ分別辞典,table_cell_geometry_extracted
薬のびん すすいで出す,item_0382,薬のびん,,すすいで出す,金・ガ,金物・ガラス類,,24,23,ごみ分別辞典,table_cell_geometry_extracted
グリルパン,item_0383,グリルパン,,,金・ガ,金物・ガラス類,,24,23,ごみ分別辞典,table_cell_geometry_extracted
薬の袋・容器（紙製） リサイクルが困難なため,item_0384,薬の袋・容器（紙製）,,リサイクルが困難なため,可燃,可燃ごみ,,24,23,ごみ分別辞典,table_cell_geometry_extracted
グリルパン（電気式）,item_0385,グリルパン（電気式）,,,粗大,粗大ごみ,,24,23,ごみ分別辞典,table_cell_geometry_extracted
薬の袋・容器（プラスチック製） 中身を残さない,item_0386,薬の袋・容器（プラスチック製）,,中身を残さない,プラ,プラスチック製容器包装,,24,23,ごみ分別辞典,table_cell_geometry_extracted
車椅子 電動式を含む,item_0387,車椅子,,電動式を含む,粗大,粗大ごみ,,24,23,ごみ分別辞典,table_cell_geometry_extracted
車型おもちゃ（乗り物） バッテリー・電池ははずす,item_0388,車型おもちゃ（乗り物）,,バッテリー・電池ははずす,粗大,粗大ごみ,,24,23,ごみ分別辞典,table_cell_geometry_extracted
果物などの紙製クッション リサイクルが困難なため,item_0389,果物などの紙製クッション,,リサイクルが困難なため,可燃,可燃ごみ,,24,23,ごみ分別辞典,table_cell_geometry_extracted
車のハンドル,item_0390,車のハンドル,,,粗大,粗大ごみ,,24,23,ごみ分別辞典,table_cell_geometry_extracted
果物などのネット袋,item_0391,果物などのネット袋,,,プラ,プラスチック製容器包装,,24,23,ごみ分別辞典,table_cell_geometry_extracted
車の日よけ 袋に入らない場合は「粗大」,item_0392,車の日よけ,,袋に入らない場合は「粗大」,可燃,可燃ごみ,,24,23,ごみ分別辞典,table_cell_geometry_extracted
口紅の容器（金属製） 使いきって出す,item_0393,口紅の容器（金属製）,,使いきって出す,金・ガ,金物・ガラス類,,24,23,ごみ分別辞典,table_cell_geometry_extracted
車、バイクのカバー 袋に入らない場合は「粗大」,item_0394,車、バイクのカバー,,袋に入らない場合は「粗大」,可燃,可燃ごみ,,24,23,ごみ分別辞典,table_cell_geometry_extracted
口紅の容器（プラスチック製） 使いきって出す,item_0395,口紅の容器（プラスチック製）,,使いきって出す,プラ,プラスチック製容器包装,,24,23,ごみ分別辞典,table_cell_geometry_extracted
クレパス・クレヨン,item_0396,クレパス・クレヨン,,,可燃,可燃ごみ,,24,23,ごみ分別辞典,table_cell_geometry_extracted
靴,item_0397,靴,,,可燃,可燃ごみ,,24,23,ごみ分別辞典,table_cell_geometry_extracted
クレヨンケース（紙製） プラスチックシートは 「プラ」,item_0398,クレヨンケース（紙製）,,プラスチックシートは 「プラ」,紙類,紙類,,24,23,ごみ分別辞典,table_cell_geometry_extracted
クッキングペーパー,item_0399,クッキングペーパー,,,可燃,可燃ごみ,,24,23,ごみ分別辞典,table_cell_geometry_extracted
靴下,item_0400,靴下,,,可燃,可燃ごみ,,24,23,ごみ分別辞典,table_cell_geometry_extracted
クレヨンケース（プラスチック製）,item_0401,クレヨンケース（プラスチック製）,,,プラ,プラスチック製容器包装,,24,23,ごみ分別辞典,table_cell_geometry_extracted
クッション,item_0402,クッション,,,可燃,可燃ごみ,,24,23,ごみ分別辞典,table_cell_geometry_extracted
クッションカバー,item_0403,クッションカバー,,,可燃,可燃ごみ,,24,23,ごみ分別辞典,table_cell_geometry_extracted
クレンザーの容器 紙製は「可燃」 取りはずすことのできる 金属は「金・ガ」,item_0404,クレンザーの容器,,紙製は「可燃」 取りはずすことのできる 金属は「金・ガ」,プラ,プラスチック製容器包装,,24,23,ごみ分別辞典,table_cell_geometry_extracted
クッションフロア 袋に入るものは「可燃」,item_0405,クッションフロア,,袋に入るものは「可燃」,粗大,粗大ごみ,,24,23,ごみ分別辞典,table_cell_geometry_extracted
靴中敷き,item_0406,靴中敷き,,,可燃,可燃ごみ,,24,23,ごみ分別辞典,table_cell_geometry_extracted
グロー球（点灯管）,item_0407,グロー球（点灯管）,,,水銀,水銀ごみ,,24,23,ごみ分別辞典,table_cell_geometry_extracted
靴の空箱,item_0408,靴の空箱,,,紙類,紙類,,24,23,ごみ分別辞典,table_cell_geometry_extracted
グローブ,item_0409,グローブ,,,可燃,可燃ごみ,,24,23,ごみ分別辞典,table_cell_geometry_extracted
靴べら 金属製のものは「金・ガ」,item_0410,靴べら,,金属製のものは「金・ガ」,可燃,可燃ごみ,,24,23,ごみ分別辞典,table_cell_geometry_extracted
くわ,item_0411,くわ,,,粗大,粗大ごみ,,24,23,ごみ分別辞典,table_cell_geometry_extracted
靴用クリームの容器（プラスチック製） 使いきって出す 金属製のものは「金・ガ」,item_0412,靴用クリームの容器（プラスチック製）,,使いきって出す 金属製のものは「金・ガ」,プラ,プラスチック製容器包装,,24,23,ごみ分別辞典,table_cell_geometry_extracted
軍手,item_0413,軍手,,,可燃,可燃ごみ,,24,23,ごみ分別辞典,table_cell_geometry_extracted
ケイカル板,item_0414,ケイカル板,,,埋立,埋立ごみ,,24,23,ごみ分別辞典,table_cell_geometry_extracted
蛍光灯・蛍光球 蛍光灯の入っていた箱 などに入れて出す,item_0415,蛍光灯・蛍光球,,蛍光灯の入っていた箱 などに入れて出す,水銀,水銀ごみ,,24,23,ごみ分別辞典,table_cell_geometry_extracted
蛍光灯の外箱 蛍光灯を排出するために 使用するのも可 段ボー ル以外は「雑がみ」へ,item_0416,蛍光灯の外箱,,蛍光灯を排出するために 使用するのも可 段ボー ル以外は「雑がみ」へ,紙類,紙類,,25,24,ごみ分別辞典,table_cell_geometry_extracted
毛染め液 布・新聞紙などにしみ こませる,item_0417,毛染め液,,布・新聞紙などにしみ こませる,可燃,可燃ごみ,,25,24,ごみ分別辞典,table_cell_geometry_extracted
蛍光ペン,item_0418,蛍光ペン,,,可燃,可燃ごみ,,25,24,ごみ分別辞典,table_cell_geometry_extracted
毛染め液のチューブ（金属製）,item_0419,毛染め液のチューブ（金属製）,,,可燃,可燃ごみ,,25,24,ごみ分別辞典,table_cell_geometry_extracted
計算機 電池ははずす,item_0420,計算機,,電池ははずす,粗大,粗大ごみ,,25,24,ごみ分別辞典,table_cell_geometry_extracted
毛染め液のチューブ（プラスチック製）,item_0421,毛染め液のチューブ（プラスチック製）,,,プラ,プラスチック製容器包装,,25,24,ごみ分別辞典,table_cell_geometry_extracted
珪藻土バスマット,item_0422,珪藻土バスマット,,,埋立,埋立ごみ,,25,24,ごみ分別辞典,table_cell_geometry_extracted
携帯電話携帯電話の充電器 バッテリーははずす なるべく販売店などへ,item_0423,携帯電話携帯電話の充電器,,バッテリーははずす なるべく販売店などへ,粗大,粗大ごみ,,25,24,ごみ分別辞典,table_cell_geometry_extracted
毛染め液の容器（プラスチック製）,item_0424,毛染め液の容器（プラスチック製）,,,プラ,プラスチック製容器包装,,25,24,ごみ分別辞典,table_cell_geometry_extracted
毛糸,item_0425,毛糸,,,可燃,可燃ごみ,,25,24,ごみ分別辞典,table_cell_geometry_extracted
下駄,item_0426,下駄,,,可燃,可燃ごみ,,25,24,ごみ分別辞典,table_cell_geometry_extracted
計量カップ,item_0427,計量カップ,,,可燃,可燃ごみ,,25,24,ごみ分別辞典,table_cell_geometry_extracted
下駄箱,item_0428,下駄箱,,,粗大,粗大ごみ,,25,24,ごみ分別辞典,table_cell_geometry_extracted
ケーキの紙箱,item_0429,ケーキの紙箱,,,紙類,紙類,,25,24,ごみ分別辞典,table_cell_geometry_extracted
毛玉とり機 電池ははずす,item_0430,毛玉とり機,,電池ははずす,粗大,粗大ごみ,,25,24,ごみ分別辞典,table_cell_geometry_extracted
ゲートボールスティック,item_0431,ゲートボールスティック,,,粗大,粗大ごみ,,25,24,ごみ分別辞典,table_cell_geometry_extracted
ケチャップの外袋,item_0432,ケチャップの外袋,,,プラ,プラスチック製容器包装,,25,24,ごみ分別辞典,table_cell_geometry_extracted
ケーブル,item_0433,ケーブル,,,粗大,粗大ごみ,,25,24,ごみ分別辞典,table_cell_geometry_extracted
ケチャップの容器（プラスチック製） 汚れを取り除く ガラス製のものは「金・ガ」,item_0434,ケチャップの容器（プラスチック製）,,汚れを取り除く ガラス製のものは「金・ガ」,プラ,プラスチック製容器包装,,25,24,ごみ分別辞典,table_cell_geometry_extracted
ゲーム機 バッテリー・電池ははずす,item_0435,ゲーム機,,バッテリー・電池ははずす,粗大,粗大ごみ,,25,24,ごみ分別辞典,table_cell_geometry_extracted
ゲームソフト CD・DVD タイプのも のは「可燃」,item_0436,ゲームソフト,,CD・DVD タイプのも のは「可燃」,粗大,粗大ごみ,,25,24,ごみ分別辞典,table_cell_geometry_extracted
ケチャップの容器のふた（プラスチック製） 金属製のものは「金・ガ」,item_0437,ケチャップの容器のふた（プラスチック製）,,金属製のものは「金・ガ」,プラ,プラスチック製容器包装,,25,24,ごみ分別辞典,table_cell_geometry_extracted
消しゴム,item_0438,消しゴム,,,可燃,可燃ごみ,,25,24,ごみ分別辞典,table_cell_geometry_extracted
血圧計 電池ははずす,item_0439,血圧計,,電池ははずす,粗大,粗大ごみ,,25,24,ごみ分別辞典,table_cell_geometry_extracted
化粧品携帯ポーチ,item_0440,化粧品携帯ポーチ,,,可燃,可燃ごみ,,25,24,ごみ分別辞典,table_cell_geometry_extracted
血圧計（水銀式）,item_0441,血圧計（水銀式）,,,水銀,水銀ごみ,,25,24,ごみ分別辞典,table_cell_geometry_extracted
化粧品の紙箱 リサイクルが困難なため,item_0442,化粧品の紙箱,,リサイクルが困難なため,可燃,可燃ごみ,,25,24,ごみ分別辞典,table_cell_geometry_extracted
ケトル,item_0443,ケトル,,,金・ガ,金物・ガラス類,,25,24,ごみ分別辞典,table_cell_geometry_extracted
化粧品の箱（プラスチック製）,item_0444,化粧品の箱（プラスチック製）,,,プラ,プラスチック製容器包装,,25,24,ごみ分別辞典,table_cell_geometry_extracted
毛抜き,item_0445,毛抜き,,,金・ガ,金物・ガラス類,,25,24,ごみ分別辞典,table_cell_geometry_extracted
化粧品のボトル（金属・ガラス製） キャップをはずし、す すいで出す,item_0446,化粧品のボトル（金属・ガラス製）,,キャップをはずし、す すいで出す,金・ガ,金物・ガラス類,,25,24,ごみ分別辞典,table_cell_geometry_extracted
玄関マット 金属製のものは「金・ガ」 袋に入らないものは「粗大」,item_0447,玄関マット,,金属製のものは「金・ガ」 袋に入らないものは「粗大」,可燃,可燃ごみ,,25,24,ごみ分別辞典,table_cell_geometry_extracted
化粧品のボトル（プラスチック製） キャップをはずし、す すいで出す,item_0448,化粧品のボトル（プラスチック製）,,キャップをはずし、す すいで出す,プラ,プラスチック製容器包装,,25,24,ごみ分別辞典,table_cell_geometry_extracted
健康器具 電池ははずす,item_0449,健康器具,,電池ははずす,粗大,粗大ごみ,,25,24,ごみ分別辞典,table_cell_geometry_extracted
剣山 危なくないようにする,item_0450,剣山,,危なくないようにする,金・ガ,金物・ガラス類,,25,24,ごみ分別辞典,table_cell_geometry_extracted
化粧品のボトルのキャップ（プラスチック製）,item_0451,化粧品のボトルのキャップ（プラスチック製）,,,プラ,プラスチック製容器包装,,25,24,ごみ分別辞典,table_cell_geometry_extracted
剣道の防具,item_0452,剣道の防具,,,粗大,粗大ごみ,,25,24,ごみ分別辞典,table_cell_geometry_extracted
鍵盤ハーモニカ,item_0453,鍵盤ハーモニカ,,,粗大,粗大ごみ,,25,24,ごみ分別辞典,table_cell_geometry_extracted
化粧ボックス,item_0454,化粧ボックス,,,粗大,粗大ごみ,,25,24,ごみ分別辞典,table_cell_geometry_extracted
顕微鏡（家庭用）,item_0455,顕微鏡（家庭用）,,,粗大,粗大ごみ,,25,24,ごみ分別辞典,table_cell_geometry_extracted
碁石,item_0456,碁石,,,埋立,埋立ごみ,,25,24,ごみ分別辞典,table_cell_geometry_extracted
氷枕 止め具（金属製）は「金・ガ」,item_0457,氷枕,,止め具（金属製）は「金・ガ」,可燃,可燃ごみ,,25,24,ごみ分別辞典,table_cell_geometry_extracted
こいのぼり用品一式,item_0458,こいのぼり用品一式,,,粗大,粗大ごみ,,25,24,ごみ分別辞典,table_cell_geometry_extracted
黒板,item_0459,黒板,,,粗大,粗大ごみ,,25,24,ごみ分別辞典,table_cell_geometry_extracted
高圧洗浄機,item_0460,高圧洗浄機,,,粗大,粗大ごみ,,25,24,ごみ分別辞典,table_cell_geometry_extracted
固形燃料（着火剤）,item_0461,固形燃料（着火剤）,,,可燃,可燃ごみ,,25,24,ごみ分別辞典,table_cell_geometry_extracted
工具箱（家庭用） 中身は残さない 袋に入らないものは「粗大」,item_0462,工具箱（家庭用）,,中身は残さない 袋に入らないものは「粗大」,金・ガ,金物・ガラス類,,25,24,ごみ分別辞典,table_cell_geometry_extracted
こけし,item_0463,こけし,,,可燃,可燃ごみ,,25,24,ごみ分別辞典,table_cell_geometry_extracted
ござ 袋に入るものは「可燃」,item_0464,ござ,,袋に入るものは「可燃」,粗大,粗大ごみ,,25,24,ごみ分別辞典,table_cell_geometry_extracted
広告チラシ 新聞紙と一緒に出す,item_0465,広告チラシ,,新聞紙と一緒に出す,紙類,紙類,,25,24,ごみ分別辞典,table_cell_geometry_extracted
こたつ,item_0466,こたつ,,,粗大,粗大ごみ,,25,24,ごみ分別辞典,table_cell_geometry_extracted
紅茶（ティーバッグ）,item_0467,紅茶（ティーバッグ）,,,可燃,可燃ごみ,,25,24,ごみ分別辞典,table_cell_geometry_extracted
こたつの天板・足,item_0468,こたつの天板・足,,,粗大,粗大ごみ,,25,24,ごみ分別辞典,table_cell_geometry_extracted
ゴーグル,item_0469,ゴーグル,,,可燃,可燃ごみ,,25,24,ごみ分別辞典,table_cell_geometry_extracted
こたつ布団 袋に入るものは「可燃」,item_0470,こたつ布団,,袋に入るものは「可燃」,粗大,粗大ごみ,,25,24,ごみ分別辞典,table_cell_geometry_extracted
コースター 金属製のものは「金・ガ」,item_0471,コースター,,金属製のものは「金・ガ」,可燃,可燃ごみ,,25,24,ごみ分別辞典,table_cell_geometry_extracted
コットン,item_0472,コットン,,,可燃,可燃ごみ,,25,24,ごみ分別辞典,table_cell_geometry_extracted
コート（衣類）,item_0473,コート（衣類）,,,可燃,可燃ごみ,,25,24,ごみ分別辞典,table_cell_geometry_extracted
コップ（ガラス製）,item_0474,コップ（ガラス製）,,,金・ガ,金物・ガラス類,,25,24,ごみ分別辞典,table_cell_geometry_extracted
コード,item_0475,コード,,,粗大,粗大ごみ,,25,24,ごみ分別辞典,table_cell_geometry_extracted
琴（楽器）,item_0476,琴（楽器）,,,粗大,粗大ごみ,,25,24,ごみ分別辞典,table_cell_geometry_extracted
コート掛け,item_0477,コート掛け,,,粗大,粗大ごみ,,25,24,ごみ分別辞典,table_cell_geometry_extracted
粉石けん,item_0478,粉石けん,,,可燃,可燃ごみ,,25,24,ごみ分別辞典,table_cell_geometry_extracted
コードリール,item_0479,コードリール,,,粗大,粗大ごみ,,25,24,ごみ分別辞典,table_cell_geometry_extracted
粉石けんの容器（紙製） リサイクルが困難なため,item_0480,粉石けんの容器（紙製）,,リサイクルが困難なため,可燃,可燃ごみ,,25,24,ごみ分別辞典,table_cell_geometry_extracted
コードレス電話,item_0481,コードレス電話,,,粗大,粗大ごみ,,25,24,ごみ分別辞典,table_cell_geometry_extracted
粉石けんの容器（プラスチック製） 汚れを取り除く,item_0482,粉石けんの容器（プラスチック製）,,汚れを取り除く,プラ,プラスチック製容器包装,,25,24,ごみ分別辞典,table_cell_geometry_extracted
コーヒーフィルター（コーヒーがら）,item_0483,コーヒーフィルター（コーヒーがら）,,,可燃,可燃ごみ,,25,24,ごみ分別辞典,table_cell_geometry_extracted
粉ミルクの缶 プラスチック製のふた は「プラ」,item_0484,粉ミルクの缶,,プラスチック製のふた は「プラ」,金・ガ,金物・ガラス類,,25,24,ごみ分別辞典,table_cell_geometry_extracted
コーヒーメーカー（電気式） コーヒーミルも含む,item_0485,コーヒーメーカー（電気式）,,コーヒーミルも含む,粗大,粗大ごみ,,25,24,ごみ分別辞典,table_cell_geometry_extracted
小鉢（陶磁器製）,item_0486,小鉢（陶磁器製）,,,埋立,埋立ごみ,,26,25,ごみ分別辞典,table_cell_geometry_extracted
コルセット メッシュ素材で袋に入る ものは「可燃」,item_0487,コルセット,,メッシュ素材で袋に入る ものは「可燃」,粗大,粗大ごみ,,26,25,ごみ分別辞典,table_cell_geometry_extracted
碁盤 足付のものは「粗大」,item_0488,碁盤,,足付のものは「粗大」,可燃,可燃ごみ,,26,25,ごみ分別辞典,table_cell_geometry_extracted
コピー機（家庭用）,item_0489,コピー機（家庭用）,,,粗大,粗大ごみ,,26,25,ごみ分別辞典,table_cell_geometry_extracted
ゴルフクラブ 複数の場合はしばって出す,item_0490,ゴルフクラブ,,複数の場合はしばって出す,粗大,粗大ごみ,,26,25,ごみ分別辞典,table_cell_geometry_extracted
コピー用紙,item_0491,コピー用紙,,,紙類,紙類,,26,25,ごみ分別辞典,table_cell_geometry_extracted
ゴルフネット、枠,item_0492,ゴルフネット、枠,,,粗大,粗大ごみ,,26,25,ごみ分別辞典,table_cell_geometry_extracted
コミック 取りはずすことのできる ビニールカバーは「可燃」,item_0493,コミック,,取りはずすことのできる ビニールカバーは「可燃」,紙類,紙類,,26,25,ごみ分別辞典,table_cell_geometry_extracted
ゴルフバッグ,item_0494,ゴルフバッグ,,,粗大,粗大ごみ,,26,25,ごみ分別辞典,table_cell_geometry_extracted
ゴルフボール,item_0495,ゴルフボール,,,可燃,可燃ごみ,,26,25,ごみ分別辞典,table_cell_geometry_extracted
ごみ取りネット,item_0496,ごみ取りネット,,,可燃,可燃ごみ,,26,25,ごみ分別辞典,table_cell_geometry_extracted
ゴルフマット 袋に入らないものは「粗大」,item_0497,ゴルフマット,,袋に入らないものは「粗大」,可燃,可燃ごみ,,26,25,ごみ分別辞典,table_cell_geometry_extracted
ごみ箱 金属製のものは「金・ガ」 袋に入らないものは「粗大」,item_0498,ごみ箱,,金属製のものは「金・ガ」 袋に入らないものは「粗大」,可燃,可燃ごみ,,26,25,ごみ分別辞典,table_cell_geometry_extracted
コンクリートブロック 2〜3個をひもでしばっ て出す 1 回に3 束まで,item_0499,コンクリートブロック,,2〜3個をひもでしばっ て出す 1 回に3 束まで,埋立,埋立ごみ,,26,25,ごみ分別辞典,table_cell_geometry_extracted
ゴム,item_0500,ゴム,,,可燃,可燃ごみ,,26,25,ごみ分別辞典,table_cell_geometry_extracted
コンセント,item_0501,コンセント,,,粗大,粗大ごみ,,26,25,ごみ分別辞典,table_cell_geometry_extracted
ゴム印,item_0502,ゴム印,,,可燃,可燃ごみ,,26,25,ごみ分別辞典,table_cell_geometry_extracted
コンタクトレンズ,item_0503,コンタクトレンズ,,,可燃,可燃ごみ,,26,25,ごみ分別辞典,table_cell_geometry_extracted
小麦粉の紙袋,item_0504,小麦粉の紙袋,,,可燃,可燃ごみ,,26,25,ごみ分別辞典,table_cell_geometry_extracted
コンタクトレンズケース（使い捨て用） 保存用ケースは「可燃」,item_0505,コンタクトレンズケース（使い捨て用）,,保存用ケースは「可燃」,プラ,プラスチック製容器包装,,26,25,ごみ分別辞典,table_cell_geometry_extracted
ゴム手袋・ゴム長靴,item_0506,ゴム手袋・ゴム長靴,,,可燃,可燃ごみ,,26,25,ごみ分別辞典,table_cell_geometry_extracted
ゴムホース ホースリール付は「粗大」,item_0507,ゴムホース,,ホースリール付は「粗大」,可燃,可燃ごみ,,26,25,ごみ分別辞典,table_cell_geometry_extracted
コンパクト（鏡付）,item_0508,コンパクト（鏡付）,,,粗大,粗大ごみ,,26,25,ごみ分別辞典,table_cell_geometry_extracted
ゴムボート 袋に入らなければ「粗大」,item_0509,ゴムボート,,袋に入らなければ「粗大」,可燃,可燃ごみ,,26,25,ごみ分別辞典,table_cell_geometry_extracted
コンパス,item_0510,コンパス,,,金・ガ,金物・ガラス類,,26,25,ごみ分別辞典,table_cell_geometry_extracted
米びつ（家庭用）,item_0511,米びつ（家庭用）,,,粗大,粗大ごみ,,26,25,ごみ分別辞典,table_cell_geometry_extracted
コンビニ弁当の容器 汚れを取り除く,item_0512,コンビニ弁当の容器,,汚れを取り除く,プラ,プラスチック製容器包装,,26,25,ごみ分別辞典,table_cell_geometry_extracted
米袋（プラスチック製）,item_0513,米袋（プラスチック製）,,,プラ,プラスチック製容器包装,,26,25,ごみ分別辞典,table_cell_geometry_extracted
コンプレッサー,item_0514,コンプレッサー,,,粗大,粗大ごみ,,26,25,ごみ分別辞典,table_cell_geometry_extracted
米袋（プラスチック製以外）,item_0515,米袋（プラスチック製以外）,,,可燃,可燃ごみ,,26,25,ごみ分別辞典,table_cell_geometry_extracted
コンポ,item_0516,コンポ,,,粗大,粗大ごみ,,26,25,ごみ分別辞典,table_cell_geometry_extracted
コルク栓,item_0517,コルク栓,,,可燃,可燃ごみ,,26,25,ごみ分別辞典,table_cell_geometry_extracted
コンポスト（たい肥化容器）,item_0518,コンポスト（たい肥化容器）,,,粗大,粗大ごみ,,26,25,ごみ分別辞典,table_cell_geometry_extracted
コルク抜き,item_0519,コルク抜き,,,金・ガ,金物・ガラス類,,26,25,ごみ分別辞典,table_cell_geometry_extracted
コルクボード 袋に入らないものは「粗大」,item_0520,コルクボード,,袋に入らないものは「粗大」,可燃,可燃ごみ,,26,25,ごみ分別辞典,table_cell_geometry_extracted
コンロ 電池ははずす,item_0521,コンロ,,電池ははずす,粗大,粗大ごみ,,26,25,ごみ分別辞典,table_cell_geometry_extracted
サーフボード FRP 素材のものや長い ものは不可,item_0522,サーフボード,,FRP 素材のものや長い ものは不可,粗大,粗大ごみ,,26,25,ごみ分別辞典,table_cell_geometry_extracted
座卓,item_0523,座卓,,,粗大,粗大ごみ,,26,25,ごみ分別辞典,table_cell_geometry_extracted
サッカーボール 空気を抜いて出す,item_0524,サッカーボール,,空気を抜いて出す,可燃,可燃ごみ,,26,25,ごみ分別辞典,table_cell_geometry_extracted
サイクリングマシーン 電池ははずす,item_0525,サイクリングマシーン,,電池ははずす,粗大,粗大ごみ,,26,25,ごみ分別辞典,table_cell_geometry_extracted
雑誌（週刊誌・漫画など） 取りはずすことのできる ビニールカバーは「可燃」,item_0526,雑誌（週刊誌・漫画など）,,取りはずすことのできる ビニールカバーは「可燃」,紙類,紙類,,26,25,ごみ分別辞典,table_cell_geometry_extracted
座椅子,item_0527,座椅子,,,粗大,粗大ごみ,,26,25,ごみ分別辞典,table_cell_geometry_extracted
サイドボード,item_0528,サイドボード,,,粗大,粗大ごみ,,26,25,ごみ分別辞典,table_cell_geometry_extracted
剤（ねずみ駆除用）殺鼠,item_0529,剤（ねずみ駆除用）殺鼠,,,可燃,可燃ごみ,,26,25,ごみ分別辞典,table_cell_geometry_extracted
財布,item_0530,財布,,,可燃,可燃ごみ,,26,25,ごみ分別辞典,table_cell_geometry_extracted
殺虫剤（家庭用スプレー缶） 必ず使い切る,item_0531,殺虫剤（家庭用スプレー缶）,,必ず使い切る,金・ガ,金物・ガラス類,,26,25,ごみ分別辞典,table_cell_geometry_extracted
裁縫箱 中身を残さない,item_0532,裁縫箱,,中身を残さない,可燃,可燃ごみ,,26,25,ごみ分別辞典,table_cell_geometry_extracted
サインペン（金属製）,item_0533,サインペン（金属製）,,,金・ガ,金物・ガラス類,,26,25,ごみ分別辞典,table_cell_geometry_extracted
座布団,item_0534,座布団,,,可燃,可燃ごみ,,26,25,ごみ分別辞典,table_cell_geometry_extracted
サインペン（プラスチック製）,item_0535,サインペン（プラスチック製）,,,可燃,可燃ごみ,,26,25,ごみ分別辞典,table_cell_geometry_extracted
サポーター,item_0536,サポーター,,,可燃,可燃ごみ,,26,25,ごみ分別辞典,table_cell_geometry_extracted
サウナ（家庭用） 分解して排出,item_0537,サウナ（家庭用）,,分解して排出,粗大,粗大ごみ,,26,25,ごみ分別辞典,table_cell_geometry_extracted
サマーベッド,item_0538,サマーベッド,,,粗大,粗大ごみ,,26,25,ごみ分別辞典,table_cell_geometry_extracted
サウナスーツ 袋に入らない場合は「粗大」,item_0539,サウナスーツ,,袋に入らない場合は「粗大」,可燃,可燃ごみ,,26,25,ごみ分別辞典,table_cell_geometry_extracted
皿（金属・ガラス製）,item_0540,皿（金属・ガラス製）,,,金・ガ,金物・ガラス類,,26,25,ごみ分別辞典,table_cell_geometry_extracted
竿 複数の場合はしばって出す,item_0541,竿,,複数の場合はしばって出す,粗大,粗大ごみ,,26,25,ごみ分別辞典,table_cell_geometry_extracted
皿（陶磁器製）,item_0542,皿（陶磁器製）,,,埋立,埋立ごみ,,26,25,ごみ分別辞典,table_cell_geometry_extracted
魚焼き網,item_0543,魚焼き網,,,金・ガ,金物・ガラス類,,26,25,ごみ分別辞典,table_cell_geometry_extracted
皿（プラスチック製）,item_0544,皿（プラスチック製）,,,可燃,可燃ごみ,,26,25,ごみ分別辞典,table_cell_geometry_extracted
魚焼き器（電気式）,item_0545,魚焼き器（電気式）,,,粗大,粗大ごみ,,26,25,ごみ分別辞典,table_cell_geometry_extracted
サラダ油 凝固剤などで固めたもの も「可燃」,item_0546,サラダ油,,凝固剤などで固めたもの も「可燃」,可燃,可燃ごみ,,26,25,ごみ分別辞典,table_cell_geometry_extracted
柵,item_0547,柵,,,粗大,粗大ごみ,,26,25,ごみ分別辞典,table_cell_geometry_extracted
酒の紙パック（内側が白色で500ml 以上） 洗って開いてしばる,item_0548,酒の紙パック（内側が白色で500ml 以上）,,洗って開いてしばる,紙類,紙類,,26,25,ごみ分別辞典,table_cell_geometry_extracted
サラダ油の缶 すすいで出す,item_0549,サラダ油の缶,,すすいで出す,金・ガ,金物・ガラス類,,26,25,ごみ分別辞典,table_cell_geometry_extracted
サラダ油の容器,item_0550,サラダ油の容器,,,プラ,プラスチック製容器包装,,26,25,ごみ分別辞典,table_cell_geometry_extracted
酒の紙パック（内側が白色以外又は500ml 未満） リサイクルが困難なため,item_0551,酒の紙パック（内側が白色以外又は500ml 未満）,,リサイクルが困難なため,可燃,可燃ごみ,,26,25,ごみ分別辞典,table_cell_geometry_extracted
ざる 金属製のものは「金・ガ」,item_0552,ざる,,金属製のものは「金・ガ」,可燃,可燃ごみ,,26,25,ごみ分別辞典,table_cell_geometry_extracted
三角コーナー 金属製のものは「金・ガ」,item_0553,三角コーナー,,金属製のものは「金・ガ」,可燃,可燃ごみ,,26,25,ごみ分別辞典,table_cell_geometry_extracted
酒の紙パックのキャップ,item_0554,酒の紙パックのキャップ,,,プラ,プラスチック製容器包装,,26,25,ごみ分別辞典,table_cell_geometry_extracted
三角コーン 事業用のものは排出禁止 P.3 参照 袋に入らないものは「粗大」,item_0555,三角コーン,,事業用のものは排出禁止 P.3 参照 袋に入らないものは「粗大」,可燃,可燃ごみ,,26,25,ごみ分別辞典,table_cell_geometry_extracted
酒のガラスカップ すすいで出す,item_0556,酒のガラスカップ,,すすいで出す,金・ガ,金物・ガラス類,,26,25,ごみ分別辞典,table_cell_geometry_extracted
三脚,item_0557,三脚,,,粗大,粗大ごみ,,27,26,ごみ分別辞典,table_cell_geometry_extracted
三段ボックス,item_0558,三段ボックス,,,粗大,粗大ごみ,,27,26,ごみ分別辞典,table_cell_geometry_extracted
サングラス,item_0559,サングラス,,,可燃,可燃ごみ,,27,26,ごみ分別辞典,table_cell_geometry_extracted
三面鏡,item_0560,三面鏡,,,粗大,粗大ごみ,,27,26,ごみ分別辞典,table_cell_geometry_extracted
散水機,item_0561,散水機,,,粗大,粗大ごみ,,27,26,ごみ分別辞典,table_cell_geometry_extracted
三輪車,item_0562,三輪車,,,粗大,粗大ごみ,,27,26,ごみ分別辞典,table_cell_geometry_extracted
サンダル,item_0563,サンダル,,,可燃,可燃ごみ,,27,26,ごみ分別辞典,table_cell_geometry_extracted
シーツ,item_0564,シーツ,,,可燃,可燃ごみ,,27,26,ごみ分別辞典,table_cell_geometry_extracted
自転車,item_0565,自転車,,,粗大,粗大ごみ,,27,26,ごみ分別辞典,table_cell_geometry_extracted
CD（ケースも含む） 歌詞カードは「紙類（雑 がみ）」,item_0566,CD（ケースも含む）,,歌詞カードは「紙類（雑 がみ）」,可燃,可燃ごみ,,27,26,ごみ分別辞典,table_cell_geometry_extracted
自転車（電動式） バッテリーははずす P.48 参照,item_0567,自転車（電動式）,,バッテリーははずす P.48 参照,粗大,粗大ごみ,,27,26,ごみ分別辞典,table_cell_geometry_extracted
CD の外箱（紙製）,item_0568,CD の外箱（紙製）,,,紙類,紙類,,27,26,ごみ分別辞典,table_cell_geometry_extracted
自転車（電動式）のバッテリー 販売店等（JBRC 協力 店）の回収箱へ P.48 参照,item_0569,自転車（電動式）のバッテリー,,販売店等（JBRC 協力 店）の回収箱へ P.48 参照,禁止,市が収集しないごみ,,27,26,ごみ分別辞典,table_cell_geometry_extracted
CD プレーヤー バッテリー・電池ははずす,item_0570,CD プレーヤー,,バッテリー・電池ははずす,粗大,粗大ごみ,,27,26,ごみ分別辞典,table_cell_geometry_extracted
シート（しきもの）,item_0571,シート（しきもの）,,,可燃,可燃ごみ,,27,26,ごみ分別辞典,table_cell_geometry_extracted
自動車シート（座席）,item_0572,自動車シート（座席）,,,粗大,粗大ごみ,,27,26,ごみ分別辞典,table_cell_geometry_extracted
シール 台紙も含む,item_0573,シール,,台紙も含む,可燃,可燃ごみ,,27,26,ごみ分別辞典,table_cell_geometry_extracted
竹刀,item_0574,竹刀,,,粗大,粗大ごみ,,27,26,ごみ分別辞典,table_cell_geometry_extracted
シェーバー（電気式） バッテリー・電池ははずす,item_0575,シェーバー（電気式）,,バッテリー・電池ははずす,粗大,粗大ごみ,,27,26,ごみ分別辞典,table_cell_geometry_extracted
芝刈機 農業用、大きいものは 販売店などに相談,item_0576,芝刈機,,農業用、大きいものは 販売店などに相談,粗大,粗大ごみ,,27,26,ごみ分別辞典,table_cell_geometry_extracted
シェーバー（電気式）の洗浄剤の容器 すすいで出す,item_0577,シェーバー（電気式）の洗浄剤の容器,,すすいで出す,プラ,プラスチック製容器包装,,27,26,ごみ分別辞典,table_cell_geometry_extracted
芝刈機等替え刃 危なくないようにする,item_0578,芝刈機等替え刃,,危なくないようにする,金・ガ,金物・ガラス類,,27,26,ごみ分別辞典,table_cell_geometry_extracted
ジェットバス器具,item_0579,ジェットバス器具,,,粗大,粗大ごみ,,27,26,ごみ分別辞典,table_cell_geometry_extracted
ジャー,item_0580,ジャー,,,粗大,粗大ごみ,,27,26,ごみ分別辞典,table_cell_geometry_extracted
紫外線ランプ,item_0581,紫外線ランプ,,,水銀,水銀ごみ,,27,26,ごみ分別辞典,table_cell_geometry_extracted
シャープペンシル（プラスチック製） 金属製のものは「金・ガ」,item_0582,シャープペンシル（プラスチック製）,,金属製のものは「金・ガ」,可燃,可燃ごみ,,27,26,ごみ分別辞典,table_cell_geometry_extracted
地下足袋,item_0583,地下足袋,,,可燃,可燃ごみ,,27,26,ごみ分別辞典,table_cell_geometry_extracted
磁気カード,item_0584,磁気カード,,,可燃,可燃ごみ,,27,26,ごみ分別辞典,table_cell_geometry_extracted
シャープペンシルの芯,item_0585,シャープペンシルの芯,,,可燃,可燃ごみ,,27,26,ごみ分別辞典,table_cell_geometry_extracted
色紙 しきし リサイクルが困難なため,item_0586,色紙,しきし,リサイクルが困難なため,可燃,可燃ごみ,,27,26,ごみ分別辞典,table_cell_geometry_extracted+furigana_verified
シャープペンシルの芯のケース 中身を残さない,item_0587,シャープペンシルの芯のケース,,中身を残さない,プラ,プラスチック製容器包装,,27,26,ごみ分別辞典,table_cell_geometry_extracted
磁気マットレス スプリングマットレス は排出禁止 P.46 参照,item_0588,磁気マットレス,,スプリングマットレス は排出禁止 P.46 参照,粗大,粗大ごみ,,27,26,ごみ分別辞典,table_cell_geometry_extracted
蛇口,item_0589,蛇口,,,金・ガ,金物・ガラス類,,27,26,ごみ分別辞典,table_cell_geometry_extracted
ジグソーパズル,item_0590,ジグソーパズル,,,可燃,可燃ごみ,,27,26,ごみ分別辞典,table_cell_geometry_extracted
写真 リサイクルが困難なため,item_0591,写真,,リサイクルが困難なため,可燃,可燃ごみ,,27,26,ごみ分別辞典,table_cell_geometry_extracted
磁石 シート状のものは「可燃」,item_0592,磁石,,シート状のものは「可燃」,埋立,埋立ごみ,,27,26,ごみ分別辞典,table_cell_geometry_extracted
写真立て 金属製のものは「金・ガ」,item_0593,写真立て,,金属製のものは「金・ガ」,可燃,可燃ごみ,,27,26,ごみ分別辞典,table_cell_geometry_extracted
辞書・辞典 取りはずすことのできる ビニールカバーは「可燃」,item_0594,辞書・辞典,,取りはずすことのできる ビニールカバーは「可燃」,紙類,紙類,,27,26,ごみ分別辞典,table_cell_geometry_extracted
写真立て（デジタル式）,item_0595,写真立て（デジタル式）,,,粗大,粗大ごみ,,27,26,ごみ分別辞典,table_cell_geometry_extracted
写真のネガ ネガのビニール袋も「可燃」,item_0596,写真のネガ,,ネガのビニール袋も「可燃」,可燃,可燃ごみ,,27,26,ごみ分別辞典,table_cell_geometry_extracted
下着（肌着）,item_0597,下着（肌着）,,,可燃,可燃ごみ,,27,26,ごみ分別辞典,table_cell_geometry_extracted
ジャッキ,item_0598,ジャッキ,,,粗大,粗大ごみ,,27,26,ごみ分別辞典,table_cell_geometry_extracted
下敷,item_0599,下敷,,,可燃,可燃ごみ,,27,26,ごみ分別辞典,table_cell_geometry_extracted
シャベル（ショベル） プラスチック製のもの は「可燃」 袋に入らないものは「粗大」,item_0600,シャベル（ショベル）,,プラスチック製のもの は「可燃」 袋に入らないものは「粗大」,金・ガ,金物・ガラス類,,27,26,ごみ分別辞典,table_cell_geometry_extracted
支柱（園芸用） 袋に入るものは「金・ガ」,item_0601,支柱（園芸用）,,袋に入るものは「金・ガ」,粗大,粗大ごみ,,27,26,ごみ分別辞典,table_cell_geometry_extracted
七輪 灰・炭は「可燃」,item_0602,七輪,,灰・炭は「可燃」,埋立,埋立ごみ,,27,26,ごみ分別辞典,table_cell_geometry_extracted
しゃもじ,item_0603,しゃもじ,,,可燃,可燃ごみ,,27,26,ごみ分別辞典,table_cell_geometry_extracted
湿気取り（使い捨て容器） 中身を残さない プラマークのものは「プラ」,item_0604,湿気取り（使い捨て容器）,,中身を残さない プラマークのものは「プラ」,可燃,可燃ごみ,,27,26,ごみ分別辞典,table_cell_geometry_extracted
ジャングルジム（子供用遊具）,item_0605,ジャングルジム（子供用遊具）,,,粗大,粗大ごみ,,27,26,ごみ分別辞典,table_cell_geometry_extracted
湿度計（デジタル式） 電池ははずす,item_0606,湿度計（デジタル式）,,電池ははずす,粗大,粗大ごみ,,27,26,ごみ分別辞典,table_cell_geometry_extracted
シャンデリア,item_0607,シャンデリア,,,粗大,粗大ごみ,,27,26,ごみ分別辞典,table_cell_geometry_extracted
湿布,item_0608,湿布,,,可燃,可燃ごみ,,27,26,ごみ分別辞典,table_cell_geometry_extracted
シャンプーの容器 すすいで出す ノズル・キャップも「プラ」,item_0609,シャンプーの容器,,すすいで出す ノズル・キャップも「プラ」,プラ,プラスチック製容器包装,,27,26,ごみ分別辞典,table_cell_geometry_extracted
湿布剤の外箱（紙製）,item_0610,湿布剤の外箱（紙製）,,,紙類,紙類,,27,26,ごみ分別辞典,table_cell_geometry_extracted
湿布剤の外袋（紙製） リサイクルが困難なため,item_0611,湿布剤の外袋（紙製）,,リサイクルが困難なため,可燃,可燃ごみ,,27,26,ごみ分別辞典,table_cell_geometry_extracted
シャンプーハット,item_0612,シャンプーハット,,,可燃,可燃ごみ,,27,26,ごみ分別辞典,table_cell_geometry_extracted
週刊誌,item_0613,週刊誌,,,紙類,紙類,,28,27,ごみ分別辞典,table_cell_geometry_extracted
浄水器フィルター,item_0614,浄水器フィルター,,,可燃,可燃ごみ,,28,27,ごみ分別辞典,table_cell_geometry_extracted
祝儀袋 洋紙製のものは「紙類」,item_0615,祝儀袋,,洋紙製のものは「紙類」,可燃,可燃ごみ,,28,27,ごみ分別辞典,table_cell_geometry_extracted
小動物のかご,item_0616,小動物のかご,,,粗大,粗大ごみ,,28,27,ごみ分別辞典,table_cell_geometry_extracted
ジューサー・ミキサー 電池ははずす,item_0617,ジューサー・ミキサー,,電池ははずす,粗大,粗大ごみ,,28,27,ごみ分別辞典,table_cell_geometry_extracted
しょうのう,item_0618,しょうのう,,,可燃,可燃ごみ,,28,27,ごみ分別辞典,table_cell_geometry_extracted
ジュースの紙パック（内側が白色で500ml 以上） 洗って開いてしばる,item_0619,ジュースの紙パック（内側が白色で500ml 以上）,,洗って開いてしばる,紙類,紙類,,28,27,ごみ分別辞典,table_cell_geometry_extracted
情報紙（リビング・リックなど） 新聞紙と一緒に出す,item_0620,情報紙（リビング・リックなど）,,新聞紙と一緒に出す,紙類,紙類,,28,27,ごみ分別辞典,table_cell_geometry_extracted
ジュースの紙パック（内側が白色以外又は500ml 未満） リサイクルが困難なため,item_0621,ジュースの紙パック（内側が白色以外又は500ml 未満）,,リサイクルが困難なため,可燃,可燃ごみ,,28,27,ごみ分別辞典,table_cell_geometry_extracted
錠前,item_0622,錠前,,,金・ガ,金物・ガラス類,,28,27,ごみ分別辞典,table_cell_geometry_extracted
照明器具 電球・蛍光灯ははずす,item_0623,照明器具,,電球・蛍光灯ははずす,粗大,粗大ごみ,,28,27,ごみ分別辞典,table_cell_geometry_extracted
じゅうたん 袋に入るものは「可燃」,item_0624,じゅうたん,,袋に入るものは「可燃」,粗大,粗大ごみ,,28,27,ごみ分別辞典,table_cell_geometry_extracted
しょうゆの容器（携帯用） すすいで出す,item_0625,しょうゆの容器（携帯用）,,すすいで出す,プラ,プラスチック製容器包装,,28,27,ごみ分別辞典,table_cell_geometry_extracted
充電器 携帯電話・PHS 用は なるべく販売店へ,item_0626,充電器,,携帯電話・PHS 用は なるべく販売店へ,粗大,粗大ごみ,,28,27,ごみ分別辞典,table_cell_geometry_extracted
しょうゆの容器（ペットボトル） キャップははずして「プラ」 ボトルはすすいで出す,item_0627,しょうゆの容器（ペットボトル）,,キャップははずして「プラ」 ボトルはすすいで出す,ペット,ペットボトル,,28,27,ごみ分別辞典,visual_category_icon_verified
充電式電池 販売店等の回収箱へ P.48 参照,item_0628,充電式電池,,販売店等の回収箱へ P.48 参照,禁止,市が収集しないごみ,,28,27,ごみ分別辞典,table_cell_geometry_extracted
しょうゆのびん すすいで出す,item_0629,しょうゆのびん,,すすいで出す,金・ガ,金物・ガラス類,,28,27,ごみ分別辞典,table_cell_geometry_extracted
柔軟剤の容器 すすいで出す,item_0630,柔軟剤の容器,,すすいで出す,プラ,プラスチック製容器包装,,28,27,ごみ分別辞典,table_cell_geometry_extracted
じょうろ（プラスチック製） 金属製のものは「金・ガ」,item_0631,じょうろ（プラスチック製）,,金属製のものは「金・ガ」,可燃,可燃ごみ,,28,27,ごみ分別辞典,table_cell_geometry_extracted
収納ケース,item_0632,収納ケース,,,粗大,粗大ごみ,,28,27,ごみ分別辞典,table_cell_geometry_extracted
重箱 「プラ」マークがあれば 「プラ」,item_0633,重箱,,「プラ」マークがあれば 「プラ」,可燃,可燃ごみ,,28,27,ごみ分別辞典,table_cell_geometry_extracted
食卓椅子 粗大申込時は「1脚が1点」,item_0634,食卓椅子,,粗大申込時は「1脚が1点」,粗大,粗大ごみ,,28,27,ごみ分別辞典,table_cell_geometry_extracted
食卓テーブル,item_0635,食卓テーブル,,,粗大,粗大ごみ,,28,27,ごみ分別辞典,table_cell_geometry_extracted
数珠（水晶）,item_0636,数珠（水晶）,,,埋立,埋立ごみ,,28,27,ごみ分別辞典,table_cell_geometry_extracted
食品トレイ 汚れを取り除く,item_0637,食品トレイ,,汚れを取り除く,プラ,プラスチック製容器包装,,28,27,ごみ分別辞典,table_cell_geometry_extracted
数珠（プラスチック製・木製）,item_0638,数珠（プラスチック製・木製）,,,可燃,可燃ごみ,,28,27,ごみ分別辞典,table_cell_geometry_extracted
食用油 布・新聞紙などにしみ こませる,item_0639,食用油,,布・新聞紙などにしみ こませる,可燃,可燃ごみ,,28,27,ごみ分別辞典,table_cell_geometry_extracted
ジュニアシート,item_0640,ジュニアシート,,,粗大,粗大ごみ,,28,27,ごみ分別辞典,table_cell_geometry_extracted
食用油の容器（金属・ガラス製） すすいで出す,item_0641,食用油の容器（金属・ガラス製）,,すすいで出す,金・ガ,金物・ガラス類,,28,27,ごみ分別辞典,table_cell_geometry_extracted
朱肉,item_0642,朱肉,,,可燃,可燃ごみ,,28,27,ごみ分別辞典,table_cell_geometry_extracted
シュレッダー機（家庭用）,item_0643,シュレッダー機（家庭用）,,,粗大,粗大ごみ,,28,27,ごみ分別辞典,table_cell_geometry_extracted
食用油の容器（プラスチック製） すすいで出す,item_0644,食用油の容器（プラスチック製）,,すすいで出す,プラ,プラスチック製容器包装,,28,27,ごみ分別辞典,table_cell_geometry_extracted
シュレッダー紙 紙袋に入れ、ひもでし ばる P.10 参照,item_0645,シュレッダー紙,,紙袋に入れ、ひもでし ばる P.10 参照,紙類,紙類,,28,27,ごみ分別辞典,table_cell_geometry_extracted
食用油の容器のふた（金属製）,item_0646,食用油の容器のふた（金属製）,,,金・ガ,金物・ガラス類,,28,27,ごみ分別辞典,table_cell_geometry_extracted
消火器 販売店などに相談 P.47参照,item_0647,消火器,,販売店などに相談 P.47参照,禁止,市が収集しないごみ,,28,27,ごみ分別辞典,table_cell_geometry_extracted
食用油の容器のふた（プラスチック製）,item_0648,食用油の容器のふた（プラスチック製）,,,プラ,プラスチック製容器包装,,28,27,ごみ分別辞典,table_cell_geometry_extracted
消火器（スプレータイプ） 必ず使い切る,item_0649,消火器（スプレータイプ）,,必ず使い切る,金・ガ,金物・ガラス類,,28,27,ごみ分別辞典,table_cell_geometry_extracted
浄化槽のふた（金属製） 袋に入らないものは 「粗大」,item_0650,浄化槽のふた（金属製）,,袋に入らないものは 「粗大」,金・ガ,金物・ガラス類,,28,27,ごみ分別辞典,table_cell_geometry_extracted
除湿機（家庭用）,item_0651,除湿機（家庭用）,,,粗大,粗大ごみ,,28,27,ごみ分別辞典,table_cell_geometry_extracted
除湿剤,item_0652,除湿剤,,,可燃,可燃ごみ,,28,27,ごみ分別辞典,table_cell_geometry_extracted
浄化槽のふた（プラスチック製） 袋に入らないものは 「粗大」,item_0653,浄化槽のふた（プラスチック製）,,袋に入らないものは 「粗大」,可燃,可燃ごみ,,28,27,ごみ分別辞典,table_cell_geometry_extracted
除湿剤の容器 中身を残さない,item_0654,除湿剤の容器,,中身を残さない,プラ,プラスチック製容器包装,,28,27,ごみ分別辞典,table_cell_geometry_extracted
食器（金属・ガラス製）,item_0655,食器（金属・ガラス製）,,,金・ガ,金物・ガラス類,,28,27,ごみ分別辞典,table_cell_geometry_extracted
定規 金属製のものは「金・ガ」,item_0656,定規,,金属製のものは「金・ガ」,可燃,可燃ごみ,,28,27,ごみ分別辞典,table_cell_geometry_extracted
食器（陶磁器製）,item_0657,食器（陶磁器製）,,,埋立,埋立ごみ,,28,27,ごみ分別辞典,table_cell_geometry_extracted
将棋の駒,item_0658,将棋の駒,,,可燃,可燃ごみ,,28,27,ごみ分別辞典,table_cell_geometry_extracted
食器（プラスチック・木製）,item_0659,食器（プラスチック・木製）,,,可燃,可燃ごみ,,28,27,ごみ分別辞典,table_cell_geometry_extracted
将棋盤 足付のものは「粗大」,item_0660,将棋盤,,足付のものは「粗大」,可燃,可燃ごみ,,28,27,ごみ分別辞典,table_cell_geometry_extracted
障子,item_0661,障子,,,粗大,粗大ごみ,,28,27,ごみ分別辞典,table_cell_geometry_extracted
食器洗い乾燥機,item_0662,食器洗い乾燥機,,,粗大,粗大ごみ,,28,27,ごみ分別辞典,table_cell_geometry_extracted
障子の紙 リサイクルが困難なため,item_0663,障子の紙,,リサイクルが困難なため,可燃,可燃ごみ,,28,27,ごみ分別辞典,table_cell_geometry_extracted
食器棚,item_0664,食器棚,,,粗大,粗大ごみ,,28,27,ごみ分別辞典,table_cell_geometry_extracted
消臭剤,item_0665,消臭剤,,,可燃,可燃ごみ,,28,27,ごみ分別辞典,table_cell_geometry_extracted
食器棚シート,item_0666,食器棚シート,,,可燃,可燃ごみ,,28,27,ごみ分別辞典,table_cell_geometry_extracted
消臭剤の容器 中身を残さない,item_0667,消臭剤の容器,,中身を残さない,プラ,プラスチック製容器包装,,28,27,ごみ分別辞典,table_cell_geometry_extracted
シリカゲル,item_0668,シリカゲル,,,可燃,可燃ごみ,,28,27,ごみ分別辞典,table_cell_geometry_extracted
消臭スプレー（金属製） 必ず使い切る,item_0669,消臭スプレー（金属製）,,必ず使い切る,金・ガ,金物・ガラス類,,28,27,ごみ分別辞典,table_cell_geometry_extracted
シルバーカー バッテリーははずす,item_0670,シルバーカー,,バッテリーははずす,粗大,粗大ごみ,,28,27,ごみ分別辞典,table_cell_geometry_extracted
消臭スプレー（プラスチック製） すすいで出す,item_0671,消臭スプレー（プラスチック製）,,すすいで出す,プラ,プラスチック製容器包装,,28,27,ごみ分別辞典,table_cell_geometry_extracted
人工芝 袋に入らないものは「粗大」,item_0672,人工芝,,袋に入らないものは「粗大」,可燃,可燃ごみ,,28,27,ごみ分別辞典,table_cell_geometry_extracted
シンナー類 販売店などに相談,item_0673,シンナー類,,販売店などに相談,禁止,市が収集しないごみ,,28,27,ごみ分別辞典,table_cell_geometry_extracted
賞状,item_0674,賞状,,,紙類,紙類,,28,27,ごみ分別辞典,table_cell_geometry_extracted
新聞紙・チラシ,item_0675,新聞紙・チラシ,,,紙類,紙類,,28,27,ごみ分別辞典,table_cell_geometry_extracted
浄水器,item_0676,浄水器,,,粗大,粗大ごみ,,28,27,ごみ分別辞典,table_cell_geometry_extracted
水銀血圧計,item_0677,水銀血圧計,,,水銀,水銀ごみ,,29,28,ごみ分別辞典,table_cell_geometry_extracted
ストックハウス（物置） 分解して排出 大きいもの・重いもの は排出禁止,item_0678,ストックハウス（物置）,,分解して排出 大きいもの・重いもの は排出禁止,粗大,粗大ごみ,,29,28,ごみ分別辞典,table_cell_geometry_extracted
水槽 中の小石は「埋立」,item_0679,水槽,,中の小石は「埋立」,粗大,粗大ごみ,,29,28,ごみ分別辞典,table_cell_geometry_extracted
水中ポンプ（水槽用）,item_0680,水中ポンプ（水槽用）,,,粗大,粗大ごみ,,29,28,ごみ分別辞典,table_cell_geometry_extracted
ストップウォッチ 電池ははずす,item_0681,ストップウォッチ,,電池ははずす,粗大,粗大ごみ,,29,28,ごみ分別辞典,table_cell_geometry_extracted
水中眼鏡 ガラス製のものは「金・ガ」,item_0682,水中眼鏡,,ガラス製のものは「金・ガ」,可燃,可燃ごみ,,29,28,ごみ分別辞典,table_cell_geometry_extracted
ストロー,item_0683,ストロー,,,可燃,可燃ごみ,,29,28,ごみ分別辞典,table_cell_geometry_extracted
水筒 プラスチック製のものは 「可燃」,item_0684,水筒,,プラスチック製のものは 「可燃」,金・ガ,金物・ガラス類,,29,28,ごみ分別辞典,table_cell_geometry_extracted
ストローの袋,item_0685,ストローの袋,,,プラ,プラスチック製容器包装,,29,28,ごみ分別辞典,table_cell_geometry_extracted
砂 1 回に3 袋まで,item_0686,砂,,1 回に3 袋まで,埋立,埋立ごみ,,29,28,ごみ分別辞典,table_cell_geometry_extracted
スナック菓子などの袋（内側が銀色のものも含む） 中身を残さない 紙製のものは「可燃」,item_0687,スナック菓子などの袋（内側が銀色のものも含む）,,中身を残さない 紙製のものは「可燃」,プラ,プラスチック製容器包装,,29,28,ごみ分別辞典,table_cell_geometry_extracted
水道蛇口,item_0688,水道蛇口,,,金・ガ,金物・ガラス類,,29,28,ごみ分別辞典,table_cell_geometry_extracted
炊飯器,item_0689,炊飯器,,,粗大,粗大ごみ,,29,28,ごみ分別辞典,table_cell_geometry_extracted
砂時計,item_0690,砂時計,,,埋立,埋立ごみ,,29,28,ごみ分別辞典,table_cell_geometry_extracted
炊飯器の釜,item_0691,炊飯器の釜,,,金・ガ,金物・ガラス類,,29,28,ごみ分別辞典,table_cell_geometry_extracted
スノーボード道具,item_0692,スノーボード道具,,,粗大,粗大ごみ,,29,28,ごみ分別辞典,table_cell_geometry_extracted
スーツケース・トランク,item_0693,スーツケース・トランク,,,粗大,粗大ごみ,,29,28,ごみ分別辞典,table_cell_geometry_extracted
すのこ,item_0694,すのこ,,,粗大,粗大ごみ,,29,28,ごみ分別辞典,table_cell_geometry_extracted
図鑑 取りはずすことのできる ビニールカバーは「可燃」,item_0695,図鑑,,取りはずすことのできる ビニールカバーは「可燃」,紙類,紙類,,29,28,ごみ分別辞典,table_cell_geometry_extracted
スパイクシューズ 取りはずし可能な金具 は「金・ガ」,item_0696,スパイクシューズ,,取りはずし可能な金具 は「金・ガ」,可燃,可燃ごみ,,29,28,ごみ分別辞典,table_cell_geometry_extracted
スキーウェア,item_0697,スキーウェア,,,可燃,可燃ごみ,,29,28,ごみ分別辞典,table_cell_geometry_extracted
スパナ,item_0698,スパナ,,,金・ガ,金物・ガラス類,,29,28,ごみ分別辞典,table_cell_geometry_extracted
スキーキャリア,item_0699,スキーキャリア,,,粗大,粗大ごみ,,29,28,ごみ分別辞典,table_cell_geometry_extracted
スピーカー,item_0700,スピーカー,,,粗大,粗大ごみ,,29,28,ごみ分別辞典,table_cell_geometry_extracted
スキー道具,item_0701,スキー道具,,,粗大,粗大ごみ,,29,28,ごみ分別辞典,table_cell_geometry_extracted
スプーン（金属・ガラス製）,item_0702,スプーン（金属・ガラス製）,,,金・ガ,金物・ガラス類,,29,28,ごみ分別辞典,table_cell_geometry_extracted
スキャナー,item_0703,スキャナー,,,粗大,粗大ごみ,,29,28,ごみ分別辞典,table_cell_geometry_extracted
スクーター（50cc 以下） 燃料・オイル・バッテリー を抜き取り廃車手続を する P.47 参照,item_0704,スクーター（50cc 以下）,,燃料・オイル・バッテリー を抜き取り廃車手続を する P.47 参照,禁止,市が収集しないごみ,,29,28,ごみ分別辞典,table_cell_geometry_extracted
スプーン（陶磁器製）,item_0705,スプーン（陶磁器製）,,,埋立,埋立ごみ,,29,28,ごみ分別辞典,table_cell_geometry_extracted
スプーン（プラスチック製）,item_0706,スプーン（プラスチック製）,,,可燃,可燃ごみ,,29,28,ごみ分別辞典,table_cell_geometry_extracted
スクラップブック 取りはずし可能な金具 は「金・ガ」,item_0707,スクラップブック,,取りはずし可能な金具 は「金・ガ」,可燃,可燃ごみ,,29,28,ごみ分別辞典,table_cell_geometry_extracted
スプーン（木製）,item_0708,スプーン（木製）,,,可燃,可燃ごみ,,29,28,ごみ分別辞典,table_cell_geometry_extracted
スプーンの袋,item_0709,スプーンの袋,,,プラ,プラスチック製容器包装,,29,28,ごみ分別辞典,table_cell_geometry_extracted
スケート靴,item_0710,スケート靴,,,粗大,粗大ごみ,,29,28,ごみ分別辞典,table_cell_geometry_extracted
スプリングマットレス 取り扱い業者へ依頼 P.46参照,item_0711,スプリングマットレス,,取り扱い業者へ依頼 P.46参照,禁止,市が収集しないごみ,,29,28,ごみ分別辞典,table_cell_geometry_extracted
スケートボード,item_0712,スケートボード,,,粗大,粗大ごみ,,29,28,ごみ分別辞典,table_cell_geometry_extracted
スコップ（金属製） 袋に入らないものは「粗大」,item_0713,スコップ（金属製）,,袋に入らないものは「粗大」,金・ガ,金物・ガラス類,,29,28,ごみ分別辞典,table_cell_geometry_extracted
スプリンクラー 庭木散水用,item_0714,スプリンクラー,,庭木散水用,粗大,粗大ごみ,,29,28,ごみ分別辞典,table_cell_geometry_extracted
スコップ（プラスチック製） 袋に入らないものは「粗大」,item_0715,スコップ（プラスチック製）,,袋に入らないものは「粗大」,可燃,可燃ごみ,,29,28,ごみ分別辞典,table_cell_geometry_extracted
スプレー缶 必ず使い切る,item_0716,スプレー缶,,必ず使い切る,金・ガ,金物・ガラス類,,29,28,ごみ分別辞典,table_cell_geometry_extracted
スプレー缶のキャップ ノズルは「可燃」,item_0717,スプレー缶のキャップ,,ノズルは「可燃」,プラ,プラスチック製容器包装,,29,28,ごみ分別辞典,table_cell_geometry_extracted
寿し桶 袋に入らない場合は「粗大」,item_0718,寿し桶,,袋に入らない場合は「粗大」,可燃,可燃ごみ,,29,28,ごみ分別辞典,table_cell_geometry_extracted
滑り台（家庭用）,item_0719,滑り台（家庭用）,,,粗大,粗大ごみ,,29,28,ごみ分別辞典,table_cell_geometry_extracted
すずり,item_0720,すずり,,,埋立,埋立ごみ,,29,28,ごみ分別辞典,table_cell_geometry_extracted
スポンジ,item_0721,スポンジ,,,可燃,可燃ごみ,,29,28,ごみ分別辞典,table_cell_geometry_extracted
すだれ・よしず 袋に入るものは「可燃」,item_0722,すだれ・よしず,,袋に入るものは「可燃」,粗大,粗大ごみ,,29,28,ごみ分別辞典,table_cell_geometry_extracted
ズボンプレッサー,item_0723,ズボンプレッサー,,,粗大,粗大ごみ,,29,28,ごみ分別辞典,table_cell_geometry_extracted
スタンドミラー,item_0724,スタンドミラー,,,粗大,粗大ごみ,,29,28,ごみ分別辞典,table_cell_geometry_extracted
炭 水に濡らす,item_0725,炭,,水に濡らす,可燃,可燃ごみ,,29,28,ごみ分別辞典,table_cell_geometry_extracted
スタンプ台 金属製のものは「金・ガ」,item_0726,スタンプ台,,金属製のものは「金・ガ」,可燃,可燃ごみ,,29,28,ごみ分別辞典,table_cell_geometry_extracted
墨 布・新聞紙などにしみ こませる,item_0727,墨,,布・新聞紙などにしみ こませる,可燃,可燃ごみ,,29,28,ごみ分別辞典,table_cell_geometry_extracted
スチーマー,item_0728,スチーマー,,,粗大,粗大ごみ,,29,28,ごみ分別辞典,table_cell_geometry_extracted
ステップマシーン（健康器具）,item_0729,ステップマシーン（健康器具）,,,粗大,粗大ごみ,,29,28,ごみ分別辞典,table_cell_geometry_extracted
スライサー 電動式のものは「粗大」,item_0730,スライサー,,電動式のものは「粗大」,金・ガ,金物・ガラス類,,29,28,ごみ分別辞典,table_cell_geometry_extracted
ステレオ一式,item_0731,ステレオ一式,,,粗大,粗大ごみ,,29,28,ごみ分別辞典,table_cell_geometry_extracted
すりこぎ棒,item_0732,すりこぎ棒,,,可燃,可燃ごみ,,29,28,ごみ分別辞典,table_cell_geometry_extracted
ストーブ 電池ははずす 燃料は抜く,item_0733,ストーブ,,電池ははずす 燃料は抜く,粗大,粗大ごみ,,29,28,ごみ分別辞典,table_cell_geometry_extracted
スリッパ,item_0734,スリッパ,,,可燃,可燃ごみ,,29,28,ごみ分別辞典,table_cell_geometry_extracted
すりばち,item_0735,すりばち,,,埋立,埋立ごみ,,29,28,ごみ分別辞典,table_cell_geometry_extracted
ストーブガード,item_0736,ストーブガード,,,粗大,粗大ごみ,,29,28,ごみ分別辞典,table_cell_geometry_extracted
スレート瓦 アスベストを含むおそれの あるものは清掃課まで連絡 1回に3 束まで,item_0737,スレート瓦,,アスベストを含むおそれの あるものは清掃課まで連絡 1回に3 束まで,埋立,埋立ごみ,,29,28,ごみ分別辞典,table_cell_geometry_extracted
ストッキング,item_0738,ストッキング,,,可燃,可燃ごみ,,29,28,ごみ分別辞典,table_cell_geometry_extracted
ストッキングの外袋（プラスチック製）,item_0739,ストッキングの外袋（プラスチック製）,,,プラ,プラスチック製容器包装,,29,28,ごみ分別辞典,table_cell_geometry_extracted
ストッキングの中の台紙,item_0740,ストッキングの中の台紙,,,紙類,紙類,,29,28,ごみ分別辞典,table_cell_geometry_extracted
生花,item_0741,生花,,,可燃,可燃ごみ,,30,29,ごみ分別辞典,table_cell_geometry_extracted
セロハンテープの芯 使いきって出す,item_0742,セロハンテープの芯,,使いきって出す,紙類,紙類,,30,29,ごみ分別辞典,table_cell_geometry_extracted
整髪料の容器（金属製） 必ず使い切る,item_0743,整髪料の容器（金属製）,,必ず使い切る,金・ガ,金物・ガラス類,,30,29,ごみ分別辞典,table_cell_geometry_extracted
セロハンテープの箱,item_0744,セロハンテープの箱,,,紙類,紙類,,30,29,ごみ分別辞典,table_cell_geometry_extracted
セロハンテープの袋,item_0745,セロハンテープの袋,,,プラ,プラスチック製容器包装,,30,29,ごみ分別辞典,table_cell_geometry_extracted
整髪料の容器（プラスチック製） 汚れを取り除く,item_0746,整髪料の容器（プラスチック製）,,汚れを取り除く,プラ,プラスチック製容器包装,,30,29,ごみ分別辞典,table_cell_geometry_extracted
洗顔料の容器（プラスチック製） 汚れを取り除く,item_0747,洗顔料の容器（プラスチック製）,,汚れを取り除く,プラ,プラスチック製容器包装,,30,29,ごみ分別辞典,table_cell_geometry_extracted
製氷機（家庭用）,item_0748,製氷機（家庭用）,,,粗大,粗大ごみ,,30,29,ごみ分別辞典,table_cell_geometry_extracted
線香,item_0749,線香,,,可燃,可燃ごみ,,30,29,ごみ分別辞典,table_cell_geometry_extracted
精米機（家庭用）,item_0750,精米機（家庭用）,,,粗大,粗大ごみ,,30,29,ごみ分別辞典,table_cell_geometry_extracted
洗剤の計量カップ,item_0751,洗剤の計量カップ,,,可燃,可燃ごみ,,30,29,ごみ分別辞典,table_cell_geometry_extracted
生理用品,item_0752,生理用品,,,可燃,可燃ごみ,,30,29,ごみ分別辞典,table_cell_geometry_extracted
洗剤容器（紙製） 分離可能なプラスチック 部分ははずして「プラ」,item_0753,洗剤容器（紙製）,,分離可能なプラスチック 部分ははずして「プラ」,可燃,可燃ごみ,,30,29,ごみ分別辞典,table_cell_geometry_extracted
赤外線ランプ,item_0754,赤外線ランプ,,,水銀,水銀ごみ,,30,29,ごみ分別辞典,table_cell_geometry_extracted
石油ストーブ（ファンヒーター） 電池ははずす 燃料は抜く,item_0755,石油ストーブ（ファンヒーター）,,電池ははずす 燃料は抜く,粗大,粗大ごみ,,30,29,ごみ分別辞典,table_cell_geometry_extracted
洗剤容器（プラスチック製） すすいで出す,item_0756,洗剤容器（プラスチック製）,,すすいで出す,プラ,プラスチック製容器包装,,30,29,ごみ分別辞典,table_cell_geometry_extracted
洗車ブラシ 袋に入らないものは「粗大」,item_0757,洗車ブラシ,,袋に入らないものは「粗大」,可燃,可燃ごみ,,30,29,ごみ分別辞典,table_cell_geometry_extracted
石灰,item_0758,石灰,,,埋立,埋立ごみ,,30,29,ごみ分別辞典,table_cell_geometry_extracted
扇子,item_0759,扇子,,,可燃,可燃ごみ,,30,29,ごみ分別辞典,table_cell_geometry_extracted
石鹸,item_0760,石鹸,,,可燃,可燃ごみ,,30,29,ごみ分別辞典,table_cell_geometry_extracted
洗濯板,item_0761,洗濯板,,,可燃,可燃ごみ,,30,29,ごみ分別辞典,table_cell_geometry_extracted
石鹸の個袋（紙製） リサイクルが困難なため,item_0762,石鹸の個袋（紙製）,,リサイクルが困難なため,可燃,可燃ごみ,,30,29,ごみ分別辞典,table_cell_geometry_extracted
洗濯かご,item_0763,洗濯かご,,,粗大,粗大ごみ,,30,29,ごみ分別辞典,table_cell_geometry_extracted
石鹸の個袋（プラスチック製）,item_0764,石鹸の個袋（プラスチック製）,,,プラ,プラスチック製容器包装,,30,29,ごみ分別辞典,table_cell_geometry_extracted
洗濯機 家電4 品目 P.49 参照,item_0765,洗濯機,,家電4 品目 P.49 参照,禁止,市が収集しないごみ,,30,29,ごみ分別辞典,table_cell_geometry_extracted
洗濯ネット,item_0766,洗濯ネット,,,可燃,可燃ごみ,,30,29,ごみ分別辞典,table_cell_geometry_extracted
石鹸の外箱（紙製）,item_0767,石鹸の外箱（紙製）,,,紙類,紙類,,30,29,ごみ分別辞典,table_cell_geometry_extracted
洗濯のりのスプレー 必ず使い切る,item_0768,洗濯のりのスプレー,,必ず使い切る,金・ガ,金物・ガラス類,,30,29,ごみ分別辞典,table_cell_geometry_extracted
石膏,item_0769,石膏,,,埋立,埋立ごみ,,30,29,ごみ分別辞典,table_cell_geometry_extracted
洗濯のりの容器 汚れを取り除く,item_0770,洗濯のりの容器,,汚れを取り除く,プラ,プラスチック製容器包装,,30,29,ごみ分別辞典,table_cell_geometry_extracted
石膏ボード,item_0771,石膏ボード,,,埋立,埋立ごみ,,30,29,ごみ分別辞典,table_cell_geometry_extracted
洗濯のりの容器のキャップ,item_0772,洗濯のりの容器のキャップ,,,プラ,プラスチック製容器包装,,30,29,ごみ分別辞典,table_cell_geometry_extracted
接着剤,item_0773,接着剤,,,可燃,可燃ごみ,,30,29,ごみ分別辞典,table_cell_geometry_extracted
洗濯ばさみ 金属製のものは「金・ガ」 取りはずすことのでき る金具は「金・ガ」,item_0774,洗濯ばさみ,,金属製のものは「金・ガ」 取りはずすことのでき る金具は「金・ガ」,可燃,可燃ごみ,,30,29,ごみ分別辞典,table_cell_geometry_extracted
接着剤の紙箱,item_0775,接着剤の紙箱,,,紙類,紙類,,30,29,ごみ分別辞典,table_cell_geometry_extracted
接着剤の容器（プラスチック製） 使いきって出す,item_0776,接着剤の容器（プラスチック製）,,使いきって出す,プラ,プラスチック製容器包装,,30,29,ごみ分別辞典,table_cell_geometry_extracted
洗濯物干し（タコ足） 袋に入らないものは「粗大」 金属製のものは「金・ガ」,item_0777,洗濯物干し（タコ足）,,袋に入らないものは「粗大」 金属製のものは「金・ガ」,可燃,可燃ごみ,,30,29,ごみ分別辞典,table_cell_geometry_extracted
瀬戸物,item_0778,瀬戸物,,,埋立,埋立ごみ,,30,29,ごみ分別辞典,table_cell_geometry_extracted
セメント,item_0779,セメント,,,埋立,埋立ごみ,,30,29,ごみ分別辞典,table_cell_geometry_extracted
剪定ばさみ 危なくないようにする 袋に入らないものは「粗大」,item_0780,剪定ばさみ,,危なくないようにする 袋に入らないものは「粗大」,金・ガ,金物・ガラス類,,30,29,ごみ分別辞典,table_cell_geometry_extracted
セメントの袋,item_0781,セメントの袋,,,可燃,可燃ごみ,,30,29,ごみ分別辞典,table_cell_geometry_extracted
セラミックヒーター,item_0782,セラミックヒーター,,,粗大,粗大ごみ,,30,29,ごみ分別辞典,table_cell_geometry_extracted
栓抜き,item_0783,栓抜き,,,金・ガ,金物・ガラス類,,30,29,ごみ分別辞典,table_cell_geometry_extracted
セラミック包丁 危なくないようにする,item_0784,セラミック包丁,,危なくないようにする,金・ガ,金物・ガラス類,,30,29,ごみ分別辞典,table_cell_geometry_extracted
扇風機,item_0785,扇風機,,,粗大,粗大ごみ,,30,29,ごみ分別辞典,table_cell_geometry_extracted
ゼリーの容器 すすいで出す,item_0786,ゼリーの容器,,すすいで出す,プラ,プラスチック製容器包装,,30,29,ごみ分別辞典,table_cell_geometry_extracted
洗面器 金属製のものは「金・ガ」,item_0787,洗面器,,金属製のものは「金・ガ」,可燃,可燃ごみ,,30,29,ごみ分別辞典,table_cell_geometry_extracted
セロハン紙,item_0788,セロハン紙,,,可燃,可燃ごみ,,30,29,ごみ分別辞典,table_cell_geometry_extracted
洗面化粧台 陶器製のものは「埋立」,item_0789,洗面化粧台,,陶器製のものは「埋立」,粗大,粗大ごみ,,30,29,ごみ分別辞典,table_cell_geometry_extracted
セロハンテープカッター（台） おもりを使用している ものは「粗大」,item_0790,セロハンテープカッター（台）,,おもりを使用している ものは「粗大」,可燃,可燃ごみ,,30,29,ごみ分別辞典,table_cell_geometry_extracted
造花 取りはずすことのでき る金具は「金・ガ」,item_0791,造花,,取りはずすことのでき る金具は「金・ガ」,可燃,可燃ごみ,,30,29,ごみ分別辞典,table_cell_geometry_extracted
ソースの容器のふた（プラスチック製） 汚れを取り除く,item_0792,ソースの容器のふた（プラスチック製）,,汚れを取り除く,プラ,プラスチック製容器包装,,30,29,ごみ分別辞典,table_cell_geometry_extracted
双眼鏡,item_0793,双眼鏡,,,粗大,粗大ごみ,,30,29,ごみ分別辞典,table_cell_geometry_extracted
ソーラー温水器 販売店などに相談,item_0794,ソーラー温水器,,販売店などに相談,禁止,市が収集しないごみ,,30,29,ごみ分別辞典,table_cell_geometry_extracted
雑巾,item_0795,雑巾,,,可燃,可燃ごみ,,30,29,ごみ分別辞典,table_cell_geometry_extracted
足温器,item_0796,足温器,,,粗大,粗大ごみ,,30,29,ごみ分別辞典,table_cell_geometry_extracted
掃除機,item_0797,掃除機,,,粗大,粗大ごみ,,30,29,ごみ分別辞典,table_cell_geometry_extracted
ソファー,item_0798,ソファー,,,粗大,粗大ごみ,,30,29,ごみ分別辞典,table_cell_geometry_extracted
掃除機用ごみパック,item_0799,掃除機用ごみパック,,,可燃,可燃ごみ,,30,29,ごみ分別辞典,table_cell_geometry_extracted
ソファーベッド,item_0800,ソファーベッド,,,粗大,粗大ごみ,,30,29,ごみ分別辞典,table_cell_geometry_extracted
送風機,item_0801,送風機,,,粗大,粗大ごみ,,30,29,ごみ分別辞典,table_cell_geometry_extracted
そり（子供用玩具）（プラスチック製） 袋に入らないものは 「粗大」,item_0802,そり（子供用玩具）（プラスチック製）,,袋に入らないものは 「粗大」,可燃,可燃ごみ,,30,29,ごみ分別辞典,table_cell_geometry_extracted
草履,item_0803,草履,,,可燃,可燃ごみ,,30,29,ごみ分別辞典,table_cell_geometry_extracted
ソースの容器（プラスチック製） すすいで出す,item_0804,ソースの容器（プラスチック製）,,すすいで出す,プラ,プラスチック製容器包装,,30,29,ごみ分別辞典,table_cell_geometry_extracted
そろばん,item_0805,そろばん,,,可燃,可燃ごみ,,30,29,ごみ分別辞典,table_cell_geometry_extracted
体温計（水銀使用）,item_0806,体温計（水銀使用）,,,水銀,水銀ごみ,,31,30,ごみ分別辞典,table_cell_geometry_extracted
竹ぼうき,item_0807,竹ぼうき,,,粗大,粗大ごみ,,31,30,ごみ分別辞典,table_cell_geometry_extracted
体温計（電子） 電池ははずす,item_0808,体温計（電子）,,電池ははずす,粗大,粗大ごみ,,31,30,ごみ分別辞典,table_cell_geometry_extracted
凧,item_0809,凧,,,可燃,可燃ごみ,,31,30,ごみ分別辞典,table_cell_geometry_extracted
体脂肪計 電池ははずす,item_0810,体脂肪計,,電池ははずす,粗大,粗大ごみ,,31,30,ごみ分別辞典,table_cell_geometry_extracted
たこ焼き器,item_0811,たこ焼き器,,,粗大,粗大ごみ,,31,30,ごみ分別辞典,table_cell_geometry_extracted
台車,item_0812,台車,,,粗大,粗大ごみ,,31,30,ごみ分別辞典,table_cell_geometry_extracted
畳 粗大申込時は 「1 枚が1 点」,item_0813,畳,,粗大申込時は 「1 枚が1 点」,粗大,粗大ごみ,,31,30,ごみ分別辞典,table_cell_geometry_extracted
体重計 電池ははずす,item_0814,体重計,,電池ははずす,粗大,粗大ごみ,,31,30,ごみ分別辞典,table_cell_geometry_extracted
タイツ,item_0815,タイツ,,,可燃,可燃ごみ,,31,30,ごみ分別辞典,table_cell_geometry_extracted
卓球台,item_0816,卓球台,,,粗大,粗大ごみ,,31,30,ごみ分別辞典,table_cell_geometry_extracted
卓球のラケット,item_0817,卓球のラケット,,,可燃,可燃ごみ,,31,30,ごみ分別辞典,table_cell_geometry_extracted
台所マット,item_0818,台所マット,,,可燃,可燃ごみ,,31,30,ごみ分別辞典,table_cell_geometry_extracted
脱脂綿,item_0819,脱脂綿,,,可燃,可燃ごみ,,31,30,ごみ分別辞典,table_cell_geometry_extracted
耐熱ガラス（食器類を含む）,item_0820,耐熱ガラス（食器類を含む）,,,金・ガ,金物・ガラス類,,31,30,ごみ分別辞典,table_cell_geometry_extracted
脱臭剤（活性炭など）,item_0821,脱臭剤（活性炭など）,,,可燃,可燃ごみ,,31,30,ごみ分別辞典,table_cell_geometry_extracted
たい肥袋（布・紙製） 家庭菜園で使用した もののみ可,item_0822,たい肥袋（布・紙製）,,家庭菜園で使用した もののみ可,可燃,可燃ごみ,,31,30,ごみ分別辞典,table_cell_geometry_extracted
タッパー（密封容器） 折り詰め容器は「プラ」,item_0823,タッパー（密封容器）,,折り詰め容器は「プラ」,可燃,可燃ごみ,,31,30,ごみ分別辞典,table_cell_geometry_extracted
たてず,item_0824,たてず,,,粗大,粗大ごみ,,31,30,ごみ分別辞典,table_cell_geometry_extracted
たい肥袋・容器（プラスチック製） 家庭菜園で使用した もののみ可 汚れを取り除く,item_0825,たい肥袋・容器（プラスチック製）,,家庭菜園で使用した もののみ可 汚れを取り除く,プラ,プラスチック製容器包装,,31,30,ごみ分別辞典,table_cell_geometry_extracted
棚,item_0826,棚,,,粗大,粗大ごみ,,31,30,ごみ分別辞典,table_cell_geometry_extracted
タバコ等の外装フィルム,item_0827,タバコ等の外装フィルム,,,プラ,プラスチック製容器包装,,31,30,ごみ分別辞典,table_cell_geometry_extracted
タイプライター,item_0828,タイプライター,,,粗大,粗大ごみ,,31,30,ごみ分別辞典,table_cell_geometry_extracted
タバコの紙箱 内側の銀紙は「可燃」,item_0829,タバコの紙箱,,内側の銀紙は「可燃」,紙類,紙類,,31,30,ごみ分別辞典,table_cell_geometry_extracted
タイマー 電池ははずす,item_0830,タイマー,,電池ははずす,粗大,粗大ごみ,,31,30,ごみ分別辞典,table_cell_geometry_extracted
タバコの吸い殻,item_0831,タバコの吸い殻,,,可燃,可燃ごみ,,31,30,ごみ分別辞典,table_cell_geometry_extracted
タイヤ（自転車用） チューブだけの場合は 「可燃」,item_0832,タイヤ（自転車用）,,チューブだけの場合は 「可燃」,粗大,粗大ごみ,,31,30,ごみ分別辞典,table_cell_geometry_extracted
タバコ用パイプフィルター,item_0833,タバコ用パイプフィルター,,,可燃,可燃ごみ,,31,30,ごみ分別辞典,table_cell_geometry_extracted
足袋,item_0834,足袋,,,可燃,可燃ごみ,,31,30,ごみ分別辞典,table_cell_geometry_extracted
タイヤ（自動車・二輪車用） 販売店などに相談 P.46 参照,item_0835,タイヤ（自動車・二輪車用）,,販売店などに相談 P.46 参照,禁止,市が収集しないごみ,,31,30,ごみ分別辞典,table_cell_geometry_extracted
卵のケース 紙製のものはリサイク ルが困難なため「可燃」,item_0836,卵のケース,,紙製のものはリサイク ルが困難なため「可燃」,プラ,プラスチック製容器包装,,31,30,ごみ分別辞典,table_cell_geometry_extracted
タイヤカバー 袋に入らない場合は「粗大」,item_0837,タイヤカバー,,袋に入らない場合は「粗大」,可燃,可燃ごみ,,31,30,ごみ分別辞典,table_cell_geometry_extracted
たまねぎなどを入れた網・ネット,item_0838,たまねぎなどを入れた網・ネット,,,プラ,プラスチック製容器包装,,31,30,ごみ分別辞典,table_cell_geometry_extracted
タイヤチェーン,item_0839,タイヤチェーン,,,粗大,粗大ごみ,,31,30,ごみ分別辞典,table_cell_geometry_extracted
タイヤホイール 販売店などに相談,item_0840,タイヤホイール,,販売店などに相談,禁止,市が収集しないごみ,,31,30,ごみ分別辞典,table_cell_geometry_extracted
たらい,item_0841,たらい,,,粗大,粗大ごみ,,31,30,ごみ分別辞典,table_cell_geometry_extracted
太陽熱温水器 販売店などに相談,item_0842,太陽熱温水器,,販売店などに相談,禁止,市が収集しないごみ,,31,30,ごみ分別辞典,table_cell_geometry_extracted
樽 袋に入るものは「可燃」,item_0843,樽,,袋に入るものは「可燃」,粗大,粗大ごみ,,31,30,ごみ分別辞典,table_cell_geometry_extracted
タイル 折り曲がるものは「可燃」,item_0844,タイル,,折り曲がるものは「可燃」,埋立,埋立ごみ,,31,30,ごみ分別辞典,table_cell_geometry_extracted
たわし 金属・スチール製のも のは「金・ガ」,item_0845,たわし,,金属・スチール製のも のは「金・ガ」,可燃,可燃ごみ,,31,30,ごみ分別辞典,table_cell_geometry_extracted
ダイレクトメール,item_0846,ダイレクトメール,,,紙類,紙類,,31,30,ごみ分別辞典,table_cell_geometry_extracted
ダイレクトメールの封筒 窓がセロハンのものは 切り取って「可燃」,item_0847,ダイレクトメールの封筒,,窓がセロハンのものは 切り取って「可燃」,紙類,紙類,,31,30,ごみ分別辞典,table_cell_geometry_extracted
単行本 取りはずすことのできる ビニールカバーは「可燃」,item_0848,単行本,,取りはずすことのできる ビニールカバーは「可燃」,紙類,紙類,,31,30,ごみ分別辞典,table_cell_geometry_extracted
ダイレクトメールを入れた袋（プラスチック製）,item_0849,ダイレクトメールを入れた袋（プラスチック製）,,,可燃,可燃ごみ,,31,30,ごみ分別辞典,table_cell_geometry_extracted
単車（50cc 以下） 燃料・オイル・バッテリー を抜き取り廃車手続を する P.47 参照,item_0850,単車（50cc 以下）,,燃料・オイル・バッテリー を抜き取り廃車手続を する P.47 参照,禁止,市が収集しないごみ,,31,30,ごみ分別辞典,table_cell_geometry_extracted
タオル,item_0851,タオル,,,可燃,可燃ごみ,,31,30,ごみ分別辞典,table_cell_geometry_extracted
タオル掛け（金属製） 袋に入らないものは「粗大」,item_0852,タオル掛け（金属製）,,袋に入らないものは「粗大」,金・ガ,金物・ガラス類,,31,30,ごみ分別辞典,table_cell_geometry_extracted
単車（50cc を超える） 販売店などに相談 P.47 参照,item_0853,単車（50cc を超える）,,販売店などに相談 P.47 参照,禁止,市が収集しないごみ,,31,30,ごみ分別辞典,table_cell_geometry_extracted
タオル掛け（プラスチック製） 袋に入らないものは「粗大」,item_0854,タオル掛け（プラスチック製）,,袋に入らないものは「粗大」,可燃,可燃ごみ,,31,30,ごみ分別辞典,table_cell_geometry_extracted
タオルケット,item_0855,タオルケット,,,可燃,可燃ごみ,,31,30,ごみ分別辞典,table_cell_geometry_extracted
たんす,item_0856,たんす,,,粗大,粗大ごみ,,31,30,ごみ分別辞典,table_cell_geometry_extracted
高枝切りばさみ 危なくないようにする,item_0857,高枝切りばさみ,,危なくないようにする,粗大,粗大ごみ,,31,30,ごみ分別辞典,table_cell_geometry_extracted
たんすシート,item_0858,たんすシート,,,可燃,可燃ごみ,,31,30,ごみ分別辞典,table_cell_geometry_extracted
卓上コンロ ボンベ・電池ははずす,item_0859,卓上コンロ,,ボンベ・電池ははずす,粗大,粗大ごみ,,31,30,ごみ分別辞典,table_cell_geometry_extracted
ダンベル プラスチック製のもの は中身を除いて「可燃」,item_0860,ダンベル,,プラスチック製のもの は中身を除いて「可燃」,粗大,粗大ごみ,,31,30,ごみ分別辞典,table_cell_geometry_extracted
宅配ピザの紙箱 リサイクルが困難なため,item_0861,宅配ピザの紙箱,,リサイクルが困難なため,可燃,可燃ごみ,,31,30,ごみ分別辞典,table_cell_geometry_extracted
竹馬,item_0862,竹馬,,,粗大,粗大ごみ,,31,30,ごみ分別辞典,table_cell_geometry_extracted
段ボール 断面が波状のもの 厚紙は「本類・雑がみ」,item_0863,段ボール,,断面が波状のもの 厚紙は「本類・雑がみ」,紙類,紙類,,31,30,ごみ分別辞典,table_cell_geometry_extracted
竹串 危なくないようにする,item_0864,竹串,,危なくないようにする,可燃,可燃ごみ,,31,30,ごみ分別辞典,table_cell_geometry_extracted
チェーン（金属製） タイヤチェーンは「粗大」,item_0865,チェーン（金属製）,,タイヤチェーンは「粗大」,金・ガ,金物・ガラス類,,32,31,ごみ分別辞典,table_cell_geometry_extracted
彫刻刀 危なくないようにする,item_0866,彫刻刀,,危なくないようにする,金・ガ,金物・ガラス類,,32,31,ごみ分別辞典,table_cell_geometry_extracted
チェーン（プラスチック製） タイヤチェーンは「粗大」,item_0867,チェーン（プラスチック製）,,タイヤチェーンは「粗大」,可燃,可燃ごみ,,32,31,ごみ分別辞典,table_cell_geometry_extracted
ちょうちん 電気・電池を使用する ものは「粗大」,item_0868,ちょうちん,,電気・電池を使用する ものは「粗大」,可燃,可燃ごみ,,32,31,ごみ分別辞典,table_cell_geometry_extracted
チェーンソー 燃料を抜き取る,item_0869,チェーンソー,,燃料を抜き取る,粗大,粗大ごみ,,32,31,ごみ分別辞典,table_cell_geometry_extracted
チェスト,item_0870,チェスト,,,粗大,粗大ごみ,,32,31,ごみ分別辞典,table_cell_geometry_extracted
調味料入れ（しょうゆさし等）（紙・木製） リサイクルが困難なため,item_0871,調味料入れ（しょうゆさし等）（紙・木製）,,リサイクルが困難なため,可燃,可燃ごみ,,32,31,ごみ分別辞典,table_cell_geometry_extracted
地球儀,item_0872,地球儀,,,粗大,粗大ごみ,,32,31,ごみ分別辞典,table_cell_geometry_extracted
チャイルドシート,item_0873,チャイルドシート,,,粗大,粗大ごみ,,32,31,ごみ分別辞典,table_cell_geometry_extracted
調味料入れ（しょうゆさし等）（金属・ガラス製） 汚れを取り除く,item_0874,調味料入れ（しょうゆさし等）（金属・ガラス製）,,汚れを取り除く,金・ガ,金物・ガラス類,,32,31,ごみ分別辞典,table_cell_geometry_extracted
茶殻,item_0875,茶殻,,,可燃,可燃ごみ,,32,31,ごみ分別辞典,table_cell_geometry_extracted
茶こし,item_0876,茶こし,,,金・ガ,金物・ガラス類,,32,31,ごみ分別辞典,table_cell_geometry_extracted
調味料入れ（しょうゆさし等）（陶磁器製） 中身を残さない,item_0877,調味料入れ（しょうゆさし等）（陶磁器製）,,中身を残さない,埋立,埋立ごみ,,32,31,ごみ分別辞典,table_cell_geometry_extracted
茶だんす,item_0878,茶だんす,,,粗大,粗大ごみ,,32,31,ごみ分別辞典,table_cell_geometry_extracted
チャッカマン 金属製のものは「金・ガ」,item_0879,チャッカマン,,金属製のものは「金・ガ」,可燃,可燃ごみ,,32,31,ごみ分別辞典,table_cell_geometry_extracted
調味料入れ（しょうゆさし等）（プラスチック製） 汚れを取り除く,item_0880,調味料入れ（しょうゆさし等）（プラスチック製）,,汚れを取り除く,プラ,プラスチック製容器包装,,32,31,ごみ分別辞典,table_cell_geometry_extracted
ちゃぶ台,item_0881,ちゃぶ台,,,粗大,粗大ごみ,,32,31,ごみ分別辞典,table_cell_geometry_extracted
調理台,item_0882,調理台,,,粗大,粗大ごみ,,32,31,ごみ分別辞典,table_cell_geometry_extracted
茶碗（陶磁器製）,item_0883,茶碗（陶磁器製）,,,埋立,埋立ごみ,,32,31,ごみ分別辞典,table_cell_geometry_extracted
チョーク,item_0884,チョーク,,,可燃,可燃ごみ,,32,31,ごみ分別辞典,table_cell_geometry_extracted
中華鍋 袋に入らないものは「粗大」,item_0885,中華鍋,,袋に入らないものは「粗大」,金・ガ,金物・ガラス類,,32,31,ごみ分別辞典,table_cell_geometry_extracted
チョコレートのアルミ箔,item_0886,チョコレートのアルミ箔,,,可燃,可燃ごみ,,32,31,ごみ分別辞典,table_cell_geometry_extracted
注射器・注射針 医療機関などに返す,item_0887,注射器・注射針,,医療機関などに返す,禁止,市が収集しないごみ,,32,31,ごみ分別辞典,table_cell_geometry_extracted
チラシ 新聞紙と一緒に出す,item_0888,チラシ,,新聞紙と一緒に出す,紙類,紙類,,32,31,ごみ分別辞典,table_cell_geometry_extracted
チューナー,item_0889,チューナー,,,粗大,粗大ごみ,,32,31,ごみ分別辞典,table_cell_geometry_extracted
ちり紙 リサイクルが困難なため,item_0890,ちり紙,,リサイクルが困難なため,可燃,可燃ごみ,,32,31,ごみ分別辞典,table_cell_geometry_extracted
チューブ類（金属製） 軟膏など,item_0891,チューブ類（金属製）,,軟膏など,可燃,可燃ごみ,,32,31,ごみ分別辞典,table_cell_geometry_extracted
ちりとり 金属製のものは「金・ガ」,item_0892,ちりとり,,金属製のものは「金・ガ」,可燃,可燃ごみ,,32,31,ごみ分別辞典,table_cell_geometry_extracted
チューブ類（プラスチック製）,item_0893,チューブ類（プラスチック製）,,,プラ,プラスチック製容器包装,,32,31,ごみ分別辞典,table_cell_geometry_extracted
ついたて,item_0894,ついたて,,,粗大,粗大ごみ,,32,31,ごみ分別辞典,table_cell_geometry_extracted
壷（陶磁器製）,item_0895,壷（陶磁器製）,,,埋立,埋立ごみ,,32,31,ごみ分別辞典,table_cell_geometry_extracted
杖 金属製のものは「金・ガ」 袋に入らないものは「粗大」,item_0896,杖,,金属製のものは「金・ガ」 袋に入らないものは「粗大」,可燃,可燃ごみ,,32,31,ごみ分別辞典,table_cell_geometry_extracted
つまようじ,item_0897,つまようじ,,,可燃,可燃ごみ,,32,31,ごみ分別辞典,table_cell_geometry_extracted
積み木,item_0898,積み木,,,可燃,可燃ごみ,,32,31,ごみ分別辞典,table_cell_geometry_extracted
使い捨てカメラ,item_0899,使い捨てカメラ,,,粗大,粗大ごみ,,32,31,ごみ分別辞典,table_cell_geometry_extracted
詰め替えパック・ボトル（プラスチック製） 汚れを取り除く,item_0900,詰め替えパック・ボトル（プラスチック製）,,汚れを取り除く,プラ,プラスチック製容器包装,,32,31,ごみ分別辞典,table_cell_geometry_extracted
机,item_0901,机,,,粗大,粗大ごみ,,32,31,ごみ分別辞典,table_cell_geometry_extracted
付け毛・付け爪,item_0902,付け毛・付け爪,,,可燃,可燃ごみ,,32,31,ごみ分別辞典,table_cell_geometry_extracted
爪切り,item_0903,爪切り,,,金・ガ,金物・ガラス類,,32,31,ごみ分別辞典,table_cell_geometry_extracted
漬物石 大きいもの・重いもの は排出禁止,item_0904,漬物石,,大きいもの・重いもの は排出禁止,埋立,埋立ごみ,,32,31,ごみ分別辞典,table_cell_geometry_extracted
釣糸,item_0905,釣糸,,,可燃,可燃ごみ,,32,31,ごみ分別辞典,table_cell_geometry_extracted
釣竿 リールも含む,item_0906,釣竿,,リールも含む,粗大,粗大ごみ,,32,31,ごみ分別辞典,table_cell_geometry_extracted
漬物の袋 すすいで出す,item_0907,漬物の袋,,すすいで出す,プラ,プラスチック製容器包装,,32,31,ごみ分別辞典,table_cell_geometry_extracted
釣竿用ケース 袋に入る場合は「可燃｣,item_0908,釣竿用ケース,,袋に入る場合は「可燃｣,粗大,粗大ごみ,,32,31,ごみ分別辞典,table_cell_geometry_extracted
土 1 回に3 袋まで,item_0909,土,,1 回に3 袋まで,埋立,埋立ごみ,,32,31,ごみ分別辞典,table_cell_geometry_extracted
釣針 危なくないようにする,item_0910,釣針,,危なくないようにする,金・ガ,金物・ガラス類,,32,31,ごみ分別辞典,table_cell_geometry_extracted
つっぱり棒,item_0911,つっぱり棒,,,粗大,粗大ごみ,,32,31,ごみ分別辞典,table_cell_geometry_extracted
つるはし,item_0912,つるはし,,,粗大,粗大ごみ,,32,31,ごみ分別辞典,table_cell_geometry_extracted
T 字カミソリ 危なくないようにする,item_0913,T 字カミソリ,,危なくないようにする,金・ガ,金物・ガラス類,,32,31,ごみ分別辞典,table_cell_geometry_extracted
庭園灯,item_0914,庭園灯,,,粗大,粗大ごみ,,32,31,ごみ分別辞典,table_cell_geometry_extracted
T 字カミソリの替え刃 危なくないようにする,item_0915,T 字カミソリの替え刃,,危なくないようにする,金・ガ,金物・ガラス類,,32,31,ごみ分別辞典,table_cell_geometry_extracted
低周波治療器 電池ははずす,item_0916,低周波治療器,,電池ははずす,粗大,粗大ごみ,,32,31,ごみ分別辞典,table_cell_geometry_extracted
ティーバッグ,item_0917,ティーバッグ,,,可燃,可燃ごみ,,32,31,ごみ分別辞典,table_cell_geometry_extracted
ティッシュ リサイクルが困難なため,item_0918,ティッシュ,,リサイクルが困難なため,可燃,可燃ごみ,,32,31,ごみ分別辞典,table_cell_geometry_extracted
DVD（ケースを含む） 同封のカードは「紙類 （雑がみ）」,item_0919,DVD（ケースを含む）,,同封のカードは「紙類 （雑がみ）」,可燃,可燃ごみ,,32,31,ごみ分別辞典,table_cell_geometry_extracted
ティッシュの紙箱 取り出し口のビニール は「プラ」,item_0920,ティッシュの紙箱,,取り出し口のビニール は「プラ」,紙類,紙類,,32,31,ごみ分別辞典,table_cell_geometry_extracted
DVD の外箱（紙製）,item_0921,DVD の外箱（紙製）,,,紙類,紙類,,32,31,ごみ分別辞典,table_cell_geometry_extracted
テープカッター（台） おもりを使用している ものは「粗大」,item_0922,テープカッター（台）,,おもりを使用している ものは「粗大」,可燃,可燃ごみ,,32,31,ごみ分別辞典,table_cell_geometry_extracted
DVD プレーヤー バッテリー・電池ははずす,item_0923,DVD プレーヤー,,バッテリー・電池ははずす,粗大,粗大ごみ,,32,31,ごみ分別辞典,table_cell_geometry_extracted
DVD レコーダー,item_0924,DVD レコーダー,,,粗大,粗大ごみ,,32,31,ごみ分別辞典,table_cell_geometry_extracted
テーブル,item_0925,テーブル,,,粗大,粗大ごみ,,32,31,ごみ分別辞典,table_cell_geometry_extracted
テーブルクロス 袋に入らないものは「粗大」,item_0926,テーブルクロス,,袋に入らないものは「粗大」,可燃,可燃ごみ,,33,32,ごみ分別辞典,table_cell_geometry_extracted
電気のかさ（ガラス製） 袋に入る場合は「金・ガ」,item_0927,電気のかさ（ガラス製）,,袋に入る場合は「金・ガ」,粗大,粗大ごみ,,33,32,ごみ分別辞典,table_cell_geometry_extracted
テーブルの天板,item_0928,テーブルの天板,,,粗大,粗大ごみ,,33,32,ごみ分別辞典,table_cell_geometry_extracted
電気のかさ（プラスチック製） 袋に入る場合は「可燃」,item_0929,電気のかさ（プラスチック製）,,袋に入る場合は「可燃」,粗大,粗大ごみ,,33,32,ごみ分別辞典,table_cell_geometry_extracted
テープレコーダー バッテリー・電池ははずす,item_0930,テープレコーダー,,バッテリー・電池ははずす,粗大,粗大ごみ,,33,32,ごみ分別辞典,table_cell_geometry_extracted
電気バケツ,item_0931,電気バケツ,,,粗大,粗大ごみ,,33,32,ごみ分別辞典,table_cell_geometry_extracted
手押し車,item_0932,手押し車,,,粗大,粗大ごみ,,33,32,ごみ分別辞典,table_cell_geometry_extracted
電気ポット,item_0933,電気ポット,,,粗大,粗大ごみ,,33,32,ごみ分別辞典,table_cell_geometry_extracted
手鏡 破片は紙で包み「われも の」等と記載する,item_0934,手鏡,,破片は紙で包み「われも の」等と記載する,粗大,粗大ごみ,,33,32,ごみ分別辞典,table_cell_geometry_extracted
電気虫取器,item_0935,電気虫取器,,,粗大,粗大ごみ,,33,32,ごみ分別辞典,table_cell_geometry_extracted
電気毛布,item_0936,電気毛布,,,粗大,粗大ごみ,,33,32,ごみ分別辞典,table_cell_geometry_extracted
手紙,item_0937,手紙,,,紙類,紙類,,33,32,ごみ分別辞典,table_cell_geometry_extracted
電球（蛍光灯） 電球（蛍光灯）の入っ ていた箱などに入れる と安全,item_0938,電球（蛍光灯）,,電球（蛍光灯）の入っ ていた箱などに入れる と安全,水銀,水銀ごみ,,33,32,ごみ分別辞典,table_cell_geometry_extracted
てぐす（釣糸）,item_0939,てぐす（釣糸）,,,可燃,可燃ごみ,,33,32,ごみ分別辞典,table_cell_geometry_extracted
デジタルアルバム バッテリー・電池ははずす,item_0940,デジタルアルバム,,バッテリー・電池ははずす,粗大,粗大ごみ,,33,32,ごみ分別辞典,table_cell_geometry_extracted
電球（白熱電球）,item_0941,電球（白熱電球）,,,水銀,水銀ごみ,,33,32,ごみ分別辞典,table_cell_geometry_extracted
デジタルカメラ バッテリー・電池ははずす,item_0942,デジタルカメラ,,バッテリー・電池ははずす,粗大,粗大ごみ,,33,32,ごみ分別辞典,table_cell_geometry_extracted
電源アダプター,item_0943,電源アダプター,,,粗大,粗大ごみ,,33,32,ごみ分別辞典,table_cell_geometry_extracted
デジタル血圧計 電池ははずす,item_0944,デジタル血圧計,,電池ははずす,粗大,粗大ごみ,,33,32,ごみ分別辞典,table_cell_geometry_extracted
電子オルガン なるべく販売店などへ,item_0945,電子オルガン,,なるべく販売店などへ,粗大,粗大ごみ,,33,32,ごみ分別辞典,table_cell_geometry_extracted
デジタル体温計 電池ははずす,item_0946,デジタル体温計,,電池ははずす,粗大,粗大ごみ,,33,32,ごみ分別辞典,table_cell_geometry_extracted
電子たばこ,item_0947,電子たばこ,,,粗大,粗大ごみ,,33,32,ごみ分別辞典,table_cell_geometry_extracted
デスクマット（ビニール製） 袋に入らないものは「粗大」,item_0948,デスクマット（ビニール製）,,袋に入らないものは「粗大」,可燃,可燃ごみ,,33,32,ごみ分別辞典,table_cell_geometry_extracted
電磁調理器,item_0949,電磁調理器,,,粗大,粗大ごみ,,33,32,ごみ分別辞典,table_cell_geometry_extracted
手帳 ビニールカバーは「可燃」,item_0950,手帳,,ビニールカバーは「可燃」,紙類,紙類,,33,32,ごみ分別辞典,table_cell_geometry_extracted
電子手帳・電子辞書 電池ははずす,item_0951,電子手帳・電子辞書,,電池ははずす,粗大,粗大ごみ,,33,32,ごみ分別辞典,table_cell_geometry_extracted
鉄アレイ,item_0952,鉄アレイ,,,粗大,粗大ごみ,,33,32,ごみ分別辞典,table_cell_geometry_extracted
電子ピアノ なるべく販売店などへ,item_0953,電子ピアノ,,なるべく販売店などへ,粗大,粗大ごみ,,33,32,ごみ分別辞典,table_cell_geometry_extracted
鉄筋 販売店などに相談,item_0954,鉄筋,,販売店などに相談,禁止,市が収集しないごみ,,33,32,ごみ分別辞典,table_cell_geometry_extracted
電子レンジ,item_0955,電子レンジ,,,粗大,粗大ごみ,,33,32,ごみ分別辞典,table_cell_geometry_extracted
鉄の棒 長いものは排出禁止,item_0956,鉄の棒,,長いものは排出禁止,粗大,粗大ごみ,,33,32,ごみ分別辞典,table_cell_geometry_extracted
天体望遠鏡,item_0957,天体望遠鏡,,,粗大,粗大ごみ,,33,32,ごみ分別辞典,table_cell_geometry_extracted
鉄パイプ 長いものは排出禁止,item_0958,鉄パイプ,,長いものは排出禁止,粗大,粗大ごみ,,33,32,ごみ分別辞典,table_cell_geometry_extracted
電卓 電池ははずす,item_0959,電卓,,電池ははずす,粗大,粗大ごみ,,33,32,ごみ分別辞典,table_cell_geometry_extracted
鉄板 大きいものは排出禁止 厚さ2mm 程度まで,item_0960,鉄板,,大きいものは排出禁止 厚さ2mm 程度まで,粗大,粗大ごみ,,33,32,ごみ分別辞典,table_cell_geometry_extracted
電池（乾電池）,item_0961,電池（乾電池）,,,埋立,埋立ごみ,,33,32,ごみ分別辞典,table_cell_geometry_extracted
電池（充電式） 販売店等の回収箱へ P.48 参照,item_0962,電池（充電式）,,販売店等の回収箱へ P.48 参照,禁止,市が収集しないごみ,,33,32,ごみ分別辞典,table_cell_geometry_extracted
テニスボール,item_0963,テニスボール,,,可燃,可燃ごみ,,33,32,ごみ分別辞典,table_cell_geometry_extracted
テニスラケット ケースは「可燃」,item_0964,テニスラケット,,ケースは「可燃」,粗大,粗大ごみ,,33,32,ごみ分別辞典,table_cell_geometry_extracted
電池（ボタン型） 水銀０使用のものも「水銀」,item_0965,電池（ボタン型）,,水銀０使用のものも「水銀」,水銀,水銀ごみ,,33,32,ごみ分別辞典,table_cell_geometry_extracted
手拭い,item_0966,手拭い,,,可燃,可燃ごみ,,33,32,ごみ分別辞典,table_cell_geometry_extracted
テント,item_0967,テント,,,粗大,粗大ごみ,,33,32,ごみ分別辞典,table_cell_geometry_extracted
手袋,item_0968,手袋,,,可燃,可燃ごみ,,33,32,ごみ分別辞典,table_cell_geometry_extracted
点灯管（グロー球）,item_0969,点灯管（グロー球）,,,水銀,水銀ごみ,,33,32,ごみ分別辞典,table_cell_geometry_extracted
テレビ ブラウン管式・液晶式・ 有機EL 式・プラズマ式 は家電4 品目 P.49 参照,item_0970,テレビ,,ブラウン管式・液晶式・ 有機EL 式・プラズマ式 は家電4 品目 P.49 参照,禁止,市が収集しないごみ,,33,32,ごみ分別辞典,table_cell_geometry_extracted
電動工具類（家庭用） バッテリー・電池ははずす,item_0971,電動工具類（家庭用）,,バッテリー・電池ははずす,粗大,粗大ごみ,,33,32,ごみ分別辞典,table_cell_geometry_extracted
電動式自転車 バッテリーははずす P.48 参照,item_0972,電動式自転車,,バッテリーははずす P.48 参照,粗大,粗大ごみ,,33,32,ごみ分別辞典,table_cell_geometry_extracted
テレビアンテナ,item_0973,テレビアンテナ,,,粗大,粗大ごみ,,33,32,ごみ分別辞典,table_cell_geometry_extracted
テレビ台,item_0974,テレビ台,,,粗大,粗大ごみ,,33,32,ごみ分別辞典,table_cell_geometry_extracted
電動歯ブラシ バッテリー・電池ははずす,item_0975,電動歯ブラシ,,バッテリー・電池ははずす,粗大,粗大ごみ,,33,32,ごみ分別辞典,table_cell_geometry_extracted
テレホンカード,item_0976,テレホンカード,,,可燃,可燃ごみ,,33,32,ごみ分別辞典,table_cell_geometry_extracted
電動ビューラー 電池ははずす,item_0977,電動ビューラー,,電池ははずす,粗大,粗大ごみ,,33,32,ごみ分別辞典,table_cell_geometry_extracted
電気温水器 販売店などに相談,item_0978,電気温水器,,販売店などに相談,禁止,市が収集しないごみ,,33,32,ごみ分別辞典,table_cell_geometry_extracted
天日（太陽熱温水器） 販売店などに相談,item_0979,天日（太陽熱温水器）,,販売店などに相談,禁止,市が収集しないごみ,,33,32,ごみ分別辞典,table_cell_geometry_extracted
電気カーペット,item_0980,電気カーペット,,,粗大,粗大ごみ,,33,32,ごみ分別辞典,table_cell_geometry_extracted
点鼻薬,item_0981,点鼻薬,,,可燃,可燃ごみ,,33,32,ごみ分別辞典,table_cell_geometry_extracted
電気コード,item_0982,電気コード,,,粗大,粗大ごみ,,33,32,ごみ分別辞典,table_cell_geometry_extracted
てんぷら油 布・新聞紙などにしみ こませる 凝固剤など で固めたものも「可燃」,item_0983,てんぷら油,,布・新聞紙などにしみ こませる 凝固剤など で固めたものも「可燃」,可燃,可燃ごみ,,33,32,ごみ分別辞典,table_cell_geometry_extracted
電気コンロ,item_0984,電気コンロ,,,粗大,粗大ごみ,,33,32,ごみ分別辞典,table_cell_geometry_extracted
電気シェーバー バッテリー・電池ははずす,item_0985,電気シェーバー,,バッテリー・電池ははずす,粗大,粗大ごみ,,33,32,ごみ分別辞典,table_cell_geometry_extracted
てんぷら鍋,item_0986,てんぷら鍋,,,金・ガ,金物・ガラス類,,33,32,ごみ分別辞典,table_cell_geometry_extracted
電気消臭器,item_0987,電気消臭器,,,粗大,粗大ごみ,,33,32,ごみ分別辞典,table_cell_geometry_extracted
転落防止柵,item_0988,転落防止柵,,,粗大,粗大ごみ,,33,32,ごみ分別辞典,table_cell_geometry_extracted
電気スタンド 電球・蛍光灯ははずす,item_0989,電気スタンド,,電球・蛍光灯ははずす,粗大,粗大ごみ,,33,32,ごみ分別辞典,table_cell_geometry_extracted
電話機 バッテリー・電池ははずす 携帯電話・PHS はなる べく販売店へ,item_0990,電話機,,バッテリー・電池ははずす 携帯電話・PHS はなる べく販売店へ,粗大,粗大ごみ,,33,32,ごみ分別辞典,table_cell_geometry_extracted
電気ストーブ 電池ははずす,item_0991,電気ストーブ,,電池ははずす,粗大,粗大ごみ,,33,32,ごみ分別辞典,table_cell_geometry_extracted
電気ドリル,item_0992,電気ドリル,,,粗大,粗大ごみ,,33,32,ごみ分別辞典,table_cell_geometry_extracted
電話台,item_0993,電話台,,,粗大,粗大ごみ,,33,32,ごみ分別辞典,table_cell_geometry_extracted
電気鍋,item_0994,電気鍋,,,粗大,粗大ごみ,,33,32,ごみ分別辞典,table_cell_geometry_extracted
電話帳,item_0995,電話帳,,,紙類,紙類,,33,32,ごみ分別辞典,table_cell_geometry_extracted
戸,item_0996,戸,,,粗大,粗大ごみ,,33,32,ごみ分別辞典,table_cell_geometry_extracted
ドアノブ,item_0997,ドアノブ,,,金・ガ,金物・ガラス類,,33,32,ごみ分別辞典,table_cell_geometry_extracted
ドア,item_0998,ドア,,,粗大,粗大ごみ,,33,32,ごみ分別辞典,table_cell_geometry_extracted
砥石,item_0999,砥石,,,埋立,埋立ごみ,,33,32,ごみ分別辞典,table_cell_geometry_extracted
トイレットペーパーの芯 使いきってから、なる べくつぶして出す,item_1000,トイレットペーパーの芯,,使いきってから、なる べくつぶして出す,紙類,紙類,,34,33,ごみ分別辞典,table_cell_geometry_extracted
鳥かご,item_1001,鳥かご,,,粗大,粗大ごみ,,34,33,ごみ分別辞典,table_cell_geometry_extracted
ドリップ用フィルター,item_1002,ドリップ用フィルター,,,可燃,可燃ごみ,,34,33,ごみ分別辞典,table_cell_geometry_extracted
トイレブラシ,item_1003,トイレブラシ,,,可燃,可燃ごみ,,34,33,ごみ分別辞典,table_cell_geometry_extracted
塗料 布・新聞紙などにしみ こませる,item_1004,塗料,,布・新聞紙などにしみ こませる,可燃,可燃ごみ,,34,33,ごみ分別辞典,table_cell_geometry_extracted
投影機,item_1005,投影機,,,粗大,粗大ごみ,,34,33,ごみ分別辞典,table_cell_geometry_extracted
籐家具,item_1006,籐家具,,,粗大,粗大ごみ,,34,33,ごみ分別辞典,table_cell_geometry_extracted
ドリル,item_1007,ドリル,,,粗大,粗大ごみ,,34,33,ごみ分別辞典,table_cell_geometry_extracted
陶磁器類,item_1008,陶磁器類,,,埋立,埋立ごみ,,34,33,ごみ分別辞典,table_cell_geometry_extracted
ドリンク剤のびん,item_1009,ドリンク剤のびん,,,金・ガ,金物・ガラス類,,34,33,ごみ分別辞典,table_cell_geometry_extracted
胴長靴,item_1010,胴長靴,,,可燃,可燃ごみ,,34,33,ごみ分別辞典,table_cell_geometry_extracted
ドリンク剤のびんのキャップ（金属製）,item_1011,ドリンク剤のびんのキャップ（金属製）,,,金・ガ,金物・ガラス類,,34,33,ごみ分別辞典,table_cell_geometry_extracted
豆腐のパック すすいで出す,item_1012,豆腐のパック,,すすいで出す,プラ,プラスチック製容器包装,,34,33,ごみ分別辞典,table_cell_geometry_extracted
灯油 布・新聞紙などにしみ こませる,item_1013,灯油,,布・新聞紙などにしみ こませる,可燃,可燃ごみ,,34,33,ごみ分別辞典,table_cell_geometry_extracted
トレイ（紙製） ビニール加工されたも の、汚れが取り除けな いものは「可燃」,item_1014,トレイ（紙製）,,ビニール加工されたも の、汚れが取り除けな いものは「可燃」,紙類,紙類,,34,33,ごみ分別辞典,table_cell_geometry_extracted
灯油缶（プラスチック製） 中身を残さない,item_1015,灯油缶（プラスチック製）,,中身を残さない,粗大,粗大ごみ,,34,33,ごみ分別辞典,table_cell_geometry_extracted
トレイ（金属製） 汚れを取り除く 袋に入らないものは「粗大」,item_1016,トレイ（金属製）,,汚れを取り除く 袋に入らないものは「粗大」,金・ガ,金物・ガラス類,,34,33,ごみ分別辞典,table_cell_geometry_extracted
灯油ポンプ,item_1017,灯油ポンプ,,,可燃,可燃ごみ,,34,33,ごみ分別辞典,table_cell_geometry_extracted
道路地図 ビニール加工のものは 袋に入れて「可燃」,item_1018,道路地図,,ビニール加工のものは 袋に入れて「可燃」,紙類,紙類,,34,33,ごみ分別辞典,table_cell_geometry_extracted
トレイ（プラスチック製の食品トレイ） 汚れを取り除く 食品トレイ以外で「プラ」 マークの表記がないもの は「可燃」,item_1019,トレイ（プラスチック製の食品トレイ）,,汚れを取り除く 食品トレイ以外で「プラ」 マークの表記がないもの は「可燃」,プラ,プラスチック製容器包装,,34,33,ごみ分別辞典,table_cell_geometry_extracted
トースター,item_1020,トースター,,,粗大,粗大ごみ,,34,33,ごみ分別辞典,table_cell_geometry_extracted
時計 電池ははずす,item_1021,時計,,電池ははずす,粗大,粗大ごみ,,34,33,ごみ分別辞典,table_cell_geometry_extracted
トレイ（木製） 袋に入らないものは「粗大」,item_1022,トレイ（木製）,,袋に入らないものは「粗大」,可燃,可燃ごみ,,34,33,ごみ分別辞典,table_cell_geometry_extracted
登山靴,item_1023,登山靴,,,可燃,可燃ごみ,,34,33,ごみ分別辞典,table_cell_geometry_extracted
トレーニング機器,item_1024,トレーニング機器,,,粗大,粗大ごみ,,34,33,ごみ分別辞典,table_cell_geometry_extracted
戸棚,item_1025,戸棚,,,粗大,粗大ごみ,,34,33,ごみ分別辞典,table_cell_geometry_extracted
ドレッサー,item_1026,ドレッサー,,,粗大,粗大ごみ,,34,33,ごみ分別辞典,table_cell_geometry_extracted
トタン,item_1027,トタン,,,粗大,粗大ごみ,,34,33,ごみ分別辞典,table_cell_geometry_extracted
ドレッシングの容器（プラスチック製） キャップをはずし、すす いで出す PET 表示のも のは「ペット」,item_1028,ドレッシングの容器（プラスチック製）,,キャップをはずし、すす いで出す PET 表示のも のは「ペット」,プラ,プラスチック製容器包装,,34,33,ごみ分別辞典,table_cell_geometry_extracted
とっくり（陶磁器製） ガラス製のものは「金・ガ」,item_1029,とっくり（陶磁器製）,,ガラス製のものは「金・ガ」,埋立,埋立ごみ,,34,33,ごみ分別辞典,table_cell_geometry_extracted
土鍋,item_1030,土鍋,,,埋立,埋立ごみ,,34,33,ごみ分別辞典,table_cell_geometry_extracted
ドレッシングの容器（ガラス製） キャップをはずし、すす いで出す プラスチック 製キャップは「プラ」,item_1031,ドレッシングの容器（ガラス製）,,キャップをはずし、すす いで出す プラスチック 製キャップは「プラ」,金・ガ,金物・ガラス類,,34,33,ごみ分別辞典,table_cell_geometry_extracted
土のう袋 中身を残さない,item_1032,土のう袋,,中身を残さない,可燃,可燃ごみ,,34,33,ごみ分別辞典,table_cell_geometry_extracted
土瓶,item_1033,土瓶,,,埋立,埋立ごみ,,34,33,ごみ分別辞典,table_cell_geometry_extracted
トレリス,item_1034,トレリス,,,粗大,粗大ごみ,,34,33,ごみ分別辞典,table_cell_geometry_extracted
ドライバーセット（工具）,item_1035,ドライバーセット（工具）,,,金・ガ,金物・ガラス類,,34,33,ごみ分別辞典,table_cell_geometry_extracted
泥 乾燥させて出す 1 回に3 袋まで,item_1036,泥,,乾燥させて出す 1 回に3 袋まで,埋立,埋立ごみ,,34,33,ごみ分別辞典,table_cell_geometry_extracted
ドライフラワー,item_1037,ドライフラワー,,,可燃,可燃ごみ,,34,33,ごみ分別辞典,table_cell_geometry_extracted
ドライヤー,item_1038,ドライヤー,,,粗大,粗大ごみ,,34,33,ごみ分別辞典,table_cell_geometry_extracted
トロ箱（発泡スチロール） 事業用のものは排出禁止 P.3 参照 小さくして袋に入れる,item_1039,トロ箱（発泡スチロール）,,事業用のものは排出禁止 P.3 参照 小さくして袋に入れる,プラ,プラスチック製容器包装,,34,33,ごみ分別辞典,table_cell_geometry_extracted
ドラム缶 中身を残さない,item_1040,ドラム缶,,中身を残さない,粗大,粗大ごみ,,34,33,ごみ分別辞典,table_cell_geometry_extracted
ドラムセット,item_1041,ドラムセット,,,粗大,粗大ごみ,,34,33,ごみ分別辞典,table_cell_geometry_extracted
トロ箱（木製） 袋に入らないものは「粗大」,item_1042,トロ箱（木製）,,袋に入らないものは「粗大」,可燃,可燃ごみ,,34,33,ごみ分別辞典,table_cell_geometry_extracted
トランク,item_1043,トランク,,,粗大,粗大ごみ,,34,33,ごみ分別辞典,table_cell_geometry_extracted
トロフィー,item_1044,トロフィー,,,粗大,粗大ごみ,,34,33,ごみ分別辞典,table_cell_geometry_extracted
トランシーバー バッテリー・電池ははずす,item_1045,トランシーバー,,バッテリー・電池ははずす,粗大,粗大ごみ,,34,33,ごみ分別辞典,table_cell_geometry_extracted
どんぶり（陶磁器製）,item_1046,どんぶり（陶磁器製）,,,埋立,埋立ごみ,,34,33,ごみ分別辞典,table_cell_geometry_extracted
トランポリン（玩具）,item_1047,トランポリン（玩具）,,,粗大,粗大ごみ,,34,33,ごみ分別辞典,table_cell_geometry_extracted
どんぶり（プラスチック製）,item_1048,どんぶり（プラスチック製）,,,可燃,可燃ごみ,,34,33,ごみ分別辞典,table_cell_geometry_extracted
ナイフ（包丁） 危なくないようにする,item_1049,ナイフ（包丁）,,危なくないようにする,金・ガ,金物・ガラス類,,34,33,ごみ分別辞典,table_cell_geometry_extracted
鍋敷き（金属・ガラス製）,item_1050,鍋敷き（金属・ガラス製）,,,金・ガ,金物・ガラス類,,34,33,ごみ分別辞典,table_cell_geometry_extracted
苗木用のポット（軟プラスチック製） 汚れを取り除く 家庭菜園で使用したも ののみ可,item_1051,苗木用のポット（軟プラスチック製）,,汚れを取り除く 家庭菜園で使用したも ののみ可,プラ,プラスチック製容器包装,,34,33,ごみ分別辞典,table_cell_geometry_extracted
鍋敷き（陶磁器製）,item_1052,鍋敷き（陶磁器製）,,,埋立,埋立ごみ,,34,33,ごみ分別辞典,table_cell_geometry_extracted
鍋敷き（布・木製）,item_1053,鍋敷き（布・木製）,,,可燃,可燃ごみ,,34,33,ごみ分別辞典,table_cell_geometry_extracted
長靴,item_1054,長靴,,,可燃,可燃ごみ,,34,33,ごみ分別辞典,table_cell_geometry_extracted
鍋つかみ,item_1055,鍋つかみ,,,可燃,可燃ごみ,,34,33,ごみ分別辞典,table_cell_geometry_extracted
流し台,item_1056,流し台,,,粗大,粗大ごみ,,34,33,ごみ分別辞典,table_cell_geometry_extracted
生ごみ 必ず水切りをする,item_1057,生ごみ,,必ず水切りをする,可燃,可燃ごみ,,34,33,ごみ分別辞典,table_cell_geometry_extracted
ナタ 危なくないようにする,item_1058,ナタ,,危なくないようにする,金・ガ,金物・ガラス類,,34,33,ごみ分別辞典,table_cell_geometry_extracted
生ごみ処理容器（コンポスト） 電気式も含む,item_1059,生ごみ処理容器（コンポスト）,,電気式も含む,粗大,粗大ごみ,,34,33,ごみ分別辞典,table_cell_geometry_extracted
納豆の容器（プラスチック製） 汚れを取り除く,item_1060,納豆の容器（プラスチック製）,,汚れを取り除く,プラ,プラスチック製容器包装,,34,33,ごみ分別辞典,table_cell_geometry_extracted
鉛,item_1061,鉛,,,金・ガ,金物・ガラス類,,34,33,ごみ分別辞典,table_cell_geometry_extracted
波板 処理施設に直接持ち込 む場合は、事前相談を,item_1062,波板,,処理施設に直接持ち込 む場合は、事前相談を,粗大,粗大ごみ,,34,33,ごみ分別辞典,table_cell_geometry_extracted
鍋 土鍋は「埋立」,item_1063,鍋,,土鍋は「埋立」,金・ガ,金物・ガラス類,,34,33,ごみ分別辞典,table_cell_geometry_extracted
鍋（うどん・ラーメン）のアルミ箔鍋,item_1064,鍋（うどん・ラーメン）のアルミ箔鍋,,,可燃,可燃ごみ,,34,33,ごみ分別辞典,table_cell_geometry_extracted
縄,item_1065,縄,,,可燃,可燃ごみ,,34,33,ごみ分別辞典,table_cell_geometry_extracted
なわとび,item_1066,なわとび,,,可燃,可燃ごみ,,34,33,ごみ分別辞典,table_cell_geometry_extracted
ニカド電池 販売店等の回収箱へ P.48 参照,item_1067,ニカド電池,,販売店等の回収箱へ P.48 参照,禁止,市が収集しないごみ,,35,34,ごみ分別辞典,table_cell_geometry_extracted
乳酸菌飲料の容器 すすいで出す,item_1068,乳酸菌飲料の容器,,すすいで出す,プラ,プラスチック製容器包装,,35,34,ごみ分別辞典,table_cell_geometry_extracted
入出力端子コード,item_1069,入出力端子コード,,,粗大,粗大ごみ,,35,34,ごみ分別辞典,table_cell_geometry_extracted
ニス,item_1070,ニス,,,可燃,可燃ごみ,,35,34,ごみ分別辞典,table_cell_geometry_extracted
入浴剤,item_1071,入浴剤,,,可燃,可燃ごみ,,35,34,ごみ分別辞典,table_cell_geometry_extracted
二段ベッド,item_1072,二段ベッド,,,粗大,粗大ごみ,,35,34,ごみ分別辞典,table_cell_geometry_extracted
入浴剤の缶 すすいで出す,item_1073,入浴剤の缶,,すすいで出す,金・ガ,金物・ガラス類,,35,34,ごみ分別辞典,table_cell_geometry_extracted
ニッケル水素電池 販売店等の回収箱へ P.48 参照,item_1074,ニッケル水素電池,,販売店等の回収箱へ P.48 参照,禁止,市が収集しないごみ,,35,34,ごみ分別辞典,table_cell_geometry_extracted
入浴剤の袋（プラスチック製） すすいで出す,item_1075,入浴剤の袋（プラスチック製）,,すすいで出す,プラ,プラスチック製容器包装,,35,34,ごみ分別辞典,table_cell_geometry_extracted
庭木 「木」P.22 フロー図参照,item_1076,庭木,,「木」P.22 フロー図参照,,,wood_disposal_flow,35,34,ごみ分別辞典,source_refers_to_decision_flow
ニッパー,item_1077,ニッパー,,,金・ガ,金物・ガラス類,,35,34,ごみ分別辞典,table_cell_geometry_extracted
人形 袋に入らないものは「粗大」,item_1078,人形,,袋に入らないものは「粗大」,可燃,可燃ごみ,,35,34,ごみ分別辞典,table_cell_geometry_extracted
乳酸菌飲料のふた（アルミ箔製） プラスチック製のもの は「プラ」,item_1079,乳酸菌飲料のふた（アルミ箔製）,,プラスチック製のもの は「プラ」,可燃,可燃ごみ,,35,34,ごみ分別辞典,table_cell_geometry_extracted
人形ケース（ガラス製） プラスチック製のものは 「可燃」 袋に入らない ものは「粗大」,item_1080,人形ケース（ガラス製）,,プラスチック製のものは 「可燃」 袋に入らない ものは「粗大」,金・ガ,金物・ガラス類,,35,34,ごみ分別辞典,table_cell_geometry_extracted
ぬいぐるみ 袋に入らないものは「粗大」,item_1081,ぬいぐるみ,,袋に入らないものは「粗大」,可燃,可燃ごみ,,35,34,ごみ分別辞典,table_cell_geometry_extracted
布類,item_1082,布類,,,可燃,可燃ごみ,,35,34,ごみ分別辞典,table_cell_geometry_extracted
縫い針 危なくないようにする,item_1083,縫い針,,危なくないようにする,金・ガ,金物・ガラス類,,35,34,ごみ分別辞典,table_cell_geometry_extracted
ネガ ネガのビニール袋も「可燃」,item_1084,ネガ,,ネガのビニール袋も「可燃」,可燃,可燃ごみ,,35,34,ごみ分別辞典,table_cell_geometry_extracted
ネックレス,item_1085,ネックレス,,,金・ガ,金物・ガラス類,,35,34,ごみ分別辞典,table_cell_geometry_extracted
ネクタイ,item_1086,ネクタイ,,,可燃,可燃ごみ,,35,34,ごみ分別辞典,table_cell_geometry_extracted
ネット（食品梱包用） 野菜・果物用,item_1087,ネット（食品梱包用）,,野菜・果物用,プラ,プラスチック製容器包装,,35,34,ごみ分別辞典,table_cell_geometry_extracted
猫の爪とぎ 段ボール製・ 小さいものは「可燃」,item_1088,猫の爪とぎ,,段ボール製・ 小さいものは「可燃」,粗大,粗大ごみ,,35,34,ごみ分別辞典,table_cell_geometry_extracted
寝袋,item_1089,寝袋,,,可燃,可燃ごみ,,35,34,ごみ分別辞典,table_cell_geometry_extracted
練りカラシ・練りワサビなどのチューブ 汚れを取り除く,item_1090,練りカラシ・練りワサビなどのチューブ,,汚れを取り除く,プラ,プラスチック製容器包装,,35,34,ごみ分別辞典,table_cell_geometry_extracted
猫のトイレ用砂 不燃性のものは「埋立」,item_1091,猫のトイレ用砂,,不燃性のものは「埋立」,可燃,可燃ごみ,,35,34,ごみ分別辞典,table_cell_geometry_extracted
ねじ（ビス）,item_1092,ねじ（ビス）,,,金・ガ,金物・ガラス類,,35,34,ごみ分別辞典,table_cell_geometry_extracted
粘土（土）,item_1093,粘土（土）,,,埋立,埋立ごみ,,35,34,ごみ分別辞典,table_cell_geometry_extracted
ねずみ捕り（金属製） シート状のものは「可燃」,item_1094,ねずみ捕り（金属製）,,シート状のものは「可燃」,金・ガ,金物・ガラス類,,35,34,ごみ分別辞典,table_cell_geometry_extracted
粘土（紙・油）,item_1095,粘土（紙・油）,,,可燃,可燃ごみ,,35,34,ごみ分別辞典,table_cell_geometry_extracted
農機具 販売店などに相談,item_1096,農機具,,販売店などに相談,禁止,市が収集しないごみ,,35,34,ごみ分別辞典,table_cell_geometry_extracted
のし袋 洋紙製のものは「紙類」,item_1097,のし袋,,洋紙製のものは「紙類」,可燃,可燃ごみ,,35,34,ごみ分別辞典,table_cell_geometry_extracted
農業用たい肥袋・肥料袋 販売店などに相談,item_1098,農業用たい肥袋・肥料袋,,販売店などに相談,禁止,市が収集しないごみ,,35,34,ごみ分別辞典,table_cell_geometry_extracted
ノミ（工具）,item_1099,ノミ（工具）,,,金・ガ,金物・ガラス類,,35,34,ごみ分別辞典,table_cell_geometry_extracted
農薬 販売店などに相談,item_1100,農薬,,販売店などに相談,禁止,市が収集しないごみ,,35,34,ごみ分別辞典,table_cell_geometry_extracted
海苔の容器（金属・ガラス製） 汚れを取り除く プラスチック製のふた は「プラ」,item_1101,海苔の容器（金属・ガラス製）,,汚れを取り除く プラスチック製のふた は「プラ」,金・ガ,金物・ガラス類,,35,34,ごみ分別辞典,table_cell_geometry_extracted
農薬の容器（金属製） 汚れを取り除く 農業用は排出禁止,item_1102,農薬の容器（金属製）,,汚れを取り除く 農業用は排出禁止,金・ガ,金物・ガラス類,,35,34,ごみ分別辞典,table_cell_geometry_extracted
海苔の容器（プラスチック製） 中身を残さない,item_1103,海苔の容器（プラスチック製）,,中身を残さない,プラ,プラスチック製容器包装,,35,34,ごみ分別辞典,table_cell_geometry_extracted
農薬の容器（プラスチック製） 汚れを取り除く 農業用は排出禁止,item_1104,農薬の容器（プラスチック製）,,汚れを取り除く 農業用は排出禁止,プラ,プラスチック製容器包装,,35,34,ごみ分別辞典,table_cell_geometry_extracted
糊の容器（プラスチック製） 汚れを取り除く スティック糊は使いきっ て出す,item_1105,糊の容器（プラスチック製）,,汚れを取り除く スティック糊は使いきっ て出す,プラ,プラスチック製容器包装,,35,34,ごみ分別辞典,table_cell_geometry_extracted
ノート,item_1106,ノート,,,紙類,紙類,,35,34,ごみ分別辞典,table_cell_geometry_extracted
のれん,item_1107,のれん,,,可燃,可燃ごみ,,35,34,ごみ分別辞典,table_cell_geometry_extracted
ノートパソコン,item_1108,ノートパソコン,,,粗大,粗大ごみ,,35,34,ごみ分別辞典,table_cell_geometry_extracted
のこぎり 危なくないようにする 袋に入らないものは「粗大」,item_1109,のこぎり,,危なくないようにする 袋に入らないものは「粗大」,金・ガ,金物・ガラス類,,35,34,ごみ分別辞典,table_cell_geometry_extracted
歯,item_1110,歯,,,可燃,可燃ごみ,,35,34,ごみ分別辞典,table_cell_geometry_extracted
バーナー,item_1111,バーナー,,,粗大,粗大ごみ,,35,34,ごみ分別辞典,table_cell_geometry_extracted
パーテーション,item_1112,パーテーション,,,粗大,粗大ごみ,,35,34,ごみ分別辞典,table_cell_geometry_extracted
バーべキューコンロ,item_1113,バーべキューコンロ,,,粗大,粗大ごみ,,35,34,ごみ分別辞典,table_cell_geometry_extracted
バーベキューセット 炭は濡らして「可燃」,item_1114,バーベキューセット,,炭は濡らして「可燃」,粗大,粗大ごみ,,36,35,ごみ分別辞典,table_cell_geometry_extracted
パソコン台,item_1115,パソコン台,,,粗大,粗大ごみ,,36,35,ごみ分別辞典,table_cell_geometry_extracted
バーベル,item_1116,バーベル,,,粗大,粗大ごみ,,36,35,ごみ分別辞典,table_cell_geometry_extracted
パソコンディスプレイ一体型,item_1117,パソコンディスプレイ一体型,,,粗大,粗大ごみ,,36,35,ごみ分別辞典,table_cell_geometry_extracted
ハーモニカ,item_1118,ハーモニカ,,,金・ガ,金物・ガラス類,,36,35,ごみ分別辞典,table_cell_geometry_extracted
灰 飛散防止のため、少し水気 を含ませて少量ずつ出す 1 回に3 袋まで,item_1119,灰,,飛散防止のため、少し水気 を含ませて少量ずつ出す 1 回に3 袋まで,可燃,可燃ごみ,,36,35,ごみ分別辞典,table_cell_geometry_extracted
パソコンのケース（金属製・プラスチック製） 自作パソコンの場合に 限る,item_1120,パソコンのケース（金属製・プラスチック製）,,自作パソコンの場合に 限る,粗大,粗大ごみ,,36,35,ごみ分別辞典,table_cell_geometry_extracted
バイオリン,item_1121,バイオリン,,,粗大,粗大ごみ,,36,35,ごみ分別辞典,table_cell_geometry_extracted
バイク（50cc 以下） 燃料・オイル・バッテリー を抜き取り廃車手続を する P.47 参照,item_1122,バイク（50cc 以下）,,燃料・オイル・バッテリー を抜き取り廃車手続を する P.47 参照,禁止,市が収集しないごみ,,36,35,ごみ分別辞典,table_cell_geometry_extracted
パソコンプリンター,item_1123,パソコンプリンター,,,粗大,粗大ごみ,,36,35,ごみ分別辞典,table_cell_geometry_extracted
パソコン用ディスプレイ,item_1124,パソコン用ディスプレイ,,,粗大,粗大ごみ,,36,35,ごみ分別辞典,table_cell_geometry_extracted
バイク（50cc を超える） 販売店などに相談 P.47 参照,item_1125,バイク（50cc を超える）,,販売店などに相談 P.47 参照,禁止,市が収集しないごみ,,36,35,ごみ分別辞典,table_cell_geometry_extracted
バター・マーガリンの外箱,item_1126,バター・マーガリンの外箱,,,紙類,紙類,,36,35,ごみ分別辞典,table_cell_geometry_extracted
灰皿（木・プラスチック製）,item_1127,灰皿（木・プラスチック製）,,,可燃,可燃ごみ,,36,35,ごみ分別辞典,table_cell_geometry_extracted
バター・マーガリンの容器,item_1128,バター・マーガリンの容器,,,プラ,プラスチック製容器包装,,36,35,ごみ分別辞典,table_cell_geometry_extracted
灰皿（金属・ガラス製）,item_1129,灰皿（金属・ガラス製）,,,金・ガ,金物・ガラス類,,36,35,ごみ分別辞典,table_cell_geometry_extracted
パターマット 袋に入るものは「可燃」,item_1130,パターマット,,袋に入るものは「可燃」,粗大,粗大ごみ,,36,35,ごみ分別辞典,table_cell_geometry_extracted
灰皿（陶磁器製）,item_1131,灰皿（陶磁器製）,,,埋立,埋立ごみ,,36,35,ごみ分別辞典,table_cell_geometry_extracted
ハタキ,item_1132,ハタキ,,,可燃,可燃ごみ,,36,35,ごみ分別辞典,table_cell_geometry_extracted
パイプ（金属製） 袋に入らないものは「粗大」,item_1133,パイプ（金属製）,,袋に入らないものは「粗大」,金・ガ,金物・ガラス類,,36,35,ごみ分別辞典,table_cell_geometry_extracted
鉢（金属・ガラス製） 袋に入れて出す,item_1134,鉢（金属・ガラス製）,,袋に入れて出す,金・ガ,金物・ガラス類,,36,35,ごみ分別辞典,table_cell_geometry_extracted
パイプ（プラスチック製） 袋に入らないものは「粗大」,item_1135,パイプ（プラスチック製）,,袋に入らないものは「粗大」,可燃,可燃ごみ,,36,35,ごみ分別辞典,table_cell_geometry_extracted
鉢（陶磁器製）,item_1136,鉢（陶磁器製）,,,埋立,埋立ごみ,,36,35,ごみ分別辞典,table_cell_geometry_extracted
パイプ椅子,item_1137,パイプ椅子,,,粗大,粗大ごみ,,36,35,ごみ分別辞典,table_cell_geometry_extracted
鉢（プラスチック製） 袋に入れて出す,item_1138,鉢（プラスチック製）,,袋に入れて出す,可燃,可燃ごみ,,36,35,ごみ分別辞典,table_cell_geometry_extracted
パイプ家具,item_1139,パイプ家具,,,粗大,粗大ごみ,,36,35,ごみ分別辞典,table_cell_geometry_extracted
発煙筒 水に濡らして可燃ごみ 量が多い場合は、販売 店に相談,item_1140,発煙筒,,水に濡らして可燃ごみ 量が多い場合は、販売 店に相談,可燃,可燃ごみ,,36,35,ごみ分別辞典,table_cell_geometry_extracted
パイプハンガー,item_1141,パイプハンガー,,,粗大,粗大ごみ,,36,35,ごみ分別辞典,table_cell_geometry_extracted
パイプベッド,item_1142,パイプベッド,,,粗大,粗大ごみ,,36,35,ごみ分別辞典,table_cell_geometry_extracted
バッグ,item_1143,バッグ,,,可燃,可燃ごみ,,36,35,ごみ分別辞典,table_cell_geometry_extracted
廃油（食用油） 布・新聞紙などにしみこ ませる 凝固剤などで固 めたものも「可燃」,item_1144,廃油（食用油）,,布・新聞紙などにしみこ ませる 凝固剤などで固 めたものも「可燃」,可燃,可燃ごみ,,36,35,ごみ分別辞典,table_cell_geometry_extracted
バッテリー（充電式電池）,item_1145,バッテリー（充電式電池）,,,禁止,市が収集しないごみ,,36,35,ごみ分別辞典,table_cell_geometry_extracted
バッテリー（バイク・車用など） 販売店などに相談,item_1146,バッテリー（バイク・車用など）,,販売店などに相談,禁止,市が収集しないごみ,,36,35,ごみ分別辞典,table_cell_geometry_extracted
バインダー 取りはずし可能な金具 は「金・ガ」,item_1147,バインダー,,取りはずし可能な金具 は「金・ガ」,可燃,可燃ごみ,,36,35,ごみ分別辞典,table_cell_geometry_extracted
発電機,item_1148,発電機,,,粗大,粗大ごみ,,36,35,ごみ分別辞典,table_cell_geometry_extracted
バット（調理用） 金属製のものは「金・ガ」 袋に入らないものは「粗大」,item_1149,バット（調理用）,,金属製のものは「金・ガ」 袋に入らないものは「粗大」,可燃,可燃ごみ,,36,35,ごみ分別辞典,table_cell_geometry_extracted
ハエたたき 金属製のものは「金・ガ」,item_1150,ハエたたき,,金属製のものは「金・ガ」,可燃,可燃ごみ,,36,35,ごみ分別辞典,table_cell_geometry_extracted
はがき,item_1151,はがき,,,紙類,紙類,,36,35,ごみ分別辞典,table_cell_geometry_extracted
バット（野球用）,item_1152,バット（野球用）,,,粗大,粗大ごみ,,36,35,ごみ分別辞典,table_cell_geometry_extracted
はかり,item_1153,はかり,,,粗大,粗大ごみ,,36,35,ごみ分別辞典,table_cell_geometry_extracted
バットケース,item_1154,バットケース,,,可燃,可燃ごみ,,36,35,ごみ分別辞典,table_cell_geometry_extracted
白熱電球,item_1155,白熱電球,,,水銀,水銀ごみ,,36,35,ごみ分別辞典,table_cell_geometry_extracted
法被,item_1156,法被,,,可燃,可燃ごみ,,36,35,ごみ分別辞典,table_cell_geometry_extracted
ハケ,item_1157,ハケ,,,可燃,可燃ごみ,,36,35,ごみ分別辞典,table_cell_geometry_extracted
発泡スチロール,item_1158,発泡スチロール,,,プラ,プラスチック製容器包装,,36,35,ごみ分別辞典,table_cell_geometry_extracted
バケツ 金属製のものは「金・ガ」 袋に入らないものは「粗大」,item_1159,バケツ,,金属製のものは「金・ガ」 袋に入らないものは「粗大」,可燃,可燃ごみ,,36,35,ごみ分別辞典,table_cell_geometry_extracted
発泡スチロールの箱 事業用のものは排出禁止 P.3 参照 小さくして袋に入れる,item_1160,発泡スチロールの箱,,事業用のものは排出禁止 P.3 参照 小さくして袋に入れる,プラ,プラスチック製容器包装,,36,35,ごみ分別辞典,table_cell_geometry_extracted
羽子板,item_1161,羽子板,,,可燃,可燃ごみ,,36,35,ごみ分別辞典,table_cell_geometry_extracted
バドミントンシャトル,item_1162,バドミントンシャトル,,,可燃,可燃ごみ,,36,35,ごみ分別辞典,table_cell_geometry_extracted
はさみ 危なくないようにする,item_1163,はさみ,,危なくないようにする,金・ガ,金物・ガラス類,,36,35,ごみ分別辞典,table_cell_geometry_extracted
バドミントンラケット,item_1164,バドミントンラケット,,,粗大,粗大ごみ,,36,35,ごみ分別辞典,table_cell_geometry_extracted
箸 金属製のものは「金・ガ」,item_1165,箸,,金属製のものは「金・ガ」,可燃,可燃ごみ,,36,35,ごみ分別辞典,table_cell_geometry_extracted
花火,item_1166,花火,,,可燃,可燃ごみ,,36,35,ごみ分別辞典,table_cell_geometry_extracted
はしご,item_1167,はしご,,,粗大,粗大ごみ,,36,35,ごみ分別辞典,table_cell_geometry_extracted
花火の外袋,item_1168,花火の外袋,,,プラ,プラスチック製容器包装,,36,35,ごみ分別辞典,table_cell_geometry_extracted
柱時計 電池ははずす,item_1169,柱時計,,電池ははずす,粗大,粗大ごみ,,36,35,ごみ分別辞典,table_cell_geometry_extracted
花火の台紙,item_1170,花火の台紙,,,紙類,紙類,,36,35,ごみ分別辞典,table_cell_geometry_extracted
バスケットゴール,item_1171,バスケットゴール,,,粗大,粗大ごみ,,36,35,ごみ分別辞典,table_cell_geometry_extracted
パフ（化粧用）,item_1172,パフ（化粧用）,,,可燃,可燃ごみ,,36,35,ごみ分別辞典,table_cell_geometry_extracted
バスタオル,item_1173,バスタオル,,,可燃,可燃ごみ,,36,35,ごみ分別辞典,table_cell_geometry_extracted
歯ブラシ 電動歯ブラシは「粗大」,item_1174,歯ブラシ,,電動歯ブラシは「粗大」,可燃,可燃ごみ,,36,35,ごみ分別辞典,table_cell_geometry_extracted
バスブーツ 風呂掃除用のスリッパ,item_1175,バスブーツ,,風呂掃除用のスリッパ,可燃,可燃ごみ,,36,35,ごみ分別辞典,table_cell_geometry_extracted
歯ブラシの入った容器 紙製のものはリサイク ル困難なため「可燃」,item_1176,歯ブラシの入った容器,,紙製のものはリサイク ル困難なため「可燃」,プラ,プラスチック製容器包装,,36,35,ごみ分別辞典,table_cell_geometry_extracted
バスマット 袋に入らないものは「粗大」 珪藻土マットは「埋立」,item_1177,バスマット,,袋に入らないものは「粗大」 珪藻土マットは「埋立」,可燃,可燃ごみ,,36,35,ごみ分別辞典,table_cell_geometry_extracted
歯磨き粉チューブ 汚れを取り除く 金属製のものは「可燃」,item_1178,歯磨き粉チューブ,,汚れを取り除く 金属製のものは「可燃」,プラ,プラスチック製容器包装,,36,35,ごみ分別辞典,table_cell_geometry_extracted
パズル 金属製のものは「金・ガ」,item_1179,パズル,,金属製のものは「金・ガ」,可燃,可燃ごみ,,36,35,ごみ分別辞典,table_cell_geometry_extracted
バスローブ,item_1180,バスローブ,,,可燃,可燃ごみ,,36,35,ごみ分別辞典,table_cell_geometry_extracted
パラソル,item_1181,パラソル,,,粗大,粗大ごみ,,36,35,ごみ分別辞典,table_cell_geometry_extracted
パソコン,item_1182,パソコン,,,粗大,粗大ごみ,,36,35,ごみ分別辞典,table_cell_geometry_extracted
パラソル台（金属製） 袋に入れば「金・ガ」,item_1183,パラソル台（金属製）,,袋に入れば「金・ガ」,粗大,粗大ごみ,,36,35,ごみ分別辞典,table_cell_geometry_extracted
パラソル台（プラスチック製） 袋に入れば「可燃」,item_1184,パラソル台（プラスチック製）,,袋に入れば「可燃」,粗大,粗大ごみ,,36,35,ごみ分別辞典,table_cell_geometry_extracted
パソコンキーボード・マウス 電池ははずす,item_1185,パソコンキーボード・マウス,,電池ははずす,粗大,粗大ごみ,,36,35,ごみ分別辞典,table_cell_geometry_extracted
パラボラアンテナ,item_1186,パラボラアンテナ,,,粗大,粗大ごみ,,37,36,ごみ分別辞典,table_cell_geometry_extracted
はんだごて,item_1187,はんだごて,,,粗大,粗大ごみ,,37,36,ごみ分別辞典,table_cell_geometry_extracted
バラン,item_1188,バラン,,,可燃,可燃ごみ,,37,36,ごみ分別辞典,table_cell_geometry_extracted
パンチ（文具）,item_1189,パンチ（文具）,,,金・ガ,金物・ガラス類,,37,36,ごみ分別辞典,table_cell_geometry_extracted
針 危なくないようにする 注射針は排出禁止,item_1190,針,,危なくないようにする 注射針は排出禁止,金・ガ,金物・ガラス類,,37,36,ごみ分別辞典,table_cell_geometry_extracted
ハンドクリーナー,item_1191,ハンドクリーナー,,,粗大,粗大ごみ,,37,36,ごみ分別辞典,table_cell_geometry_extracted
ハンドクリームの容器（プラスチック製） 汚れを取り除く 金属・ガラス製のもの は「金・ガ」,item_1192,ハンドクリームの容器（プラスチック製）,,汚れを取り除く 金属・ガラス製のもの は「金・ガ」,プラ,プラスチック製容器包装,,37,36,ごみ分別辞典,table_cell_geometry_extracted
針金,item_1193,針金,,,金・ガ,金物・ガラス類,,37,36,ごみ分別辞典,table_cell_geometry_extracted
針金ハンガー,item_1194,針金ハンガー,,,金・ガ,金物・ガラス類,,37,36,ごみ分別辞典,table_cell_geometry_extracted
ハンドミキサー,item_1195,ハンドミキサー,,,粗大,粗大ごみ,,37,36,ごみ分別辞典,table_cell_geometry_extracted
バリカン,item_1196,バリカン,,,粗大,粗大ごみ,,37,36,ごみ分別辞典,table_cell_geometry_extracted
ハンドモップ（金属製） 袋に入らないものは「粗大」,item_1197,ハンドモップ（金属製）,,袋に入らないものは「粗大」,金・ガ,金物・ガラス類,,37,36,ごみ分別辞典,table_cell_geometry_extracted
バルサン（くん煙殺虫剤）の容器 プラスチック製の容器 は「プラ」 P.15 参照,item_1198,バルサン（くん煙殺虫剤）の容器,,プラスチック製の容器 は「プラ」 P.15 参照,金・ガ,金物・ガラス類,,37,36,ごみ分別辞典,table_cell_geometry_extracted
ハンドモップ（） 袋に入らないものは「粗大」,item_1199,ハンドモップ（）,,袋に入らないものは「粗大」,可燃,可燃ごみ,,37,36,ごみ分別辞典,table_cell_geometry_extracted
ハンドル,item_1200,ハンドル,,,粗大,粗大ごみ,,37,36,ごみ分別辞典,table_cell_geometry_extracted
ハロゲンヒーター,item_1201,ハロゲンヒーター,,,粗大,粗大ごみ,,37,36,ごみ分別辞典,table_cell_geometry_extracted
ハンドルカバー,item_1202,ハンドルカバー,,,可燃,可燃ごみ,,37,36,ごみ分別辞典,table_cell_geometry_extracted
ハロゲンランプ,item_1203,ハロゲンランプ,,,水銀,水銀ごみ,,37,36,ごみ分別辞典,table_cell_geometry_extracted
パンの外袋（内側が銀色のものも含む） 中身を残さない 紙製のものは「可燃」,item_1204,パンの外袋（内側が銀色のものも含む）,,中身を残さない 紙製のものは「可燃」,プラ,プラスチック製容器包装,,37,36,ごみ分別辞典,table_cell_geometry_extracted
ハンガー 金属製のものは「金・ガ」 袋に入らないものは「粗大」,item_1205,ハンガー,,金属製のものは「金・ガ」 袋に入らないものは「粗大」,可燃,可燃ごみ,,37,36,ごみ分別辞典,table_cell_geometry_extracted
パン袋の止め具,item_1206,パン袋の止め具,,,プラ,プラスチック製容器包装,,37,36,ごみ分別辞典,table_cell_geometry_extracted
ハンガーラック,item_1207,ハンガーラック,,,粗大,粗大ごみ,,37,36,ごみ分別辞典,table_cell_geometry_extracted
パンフレット,item_1208,パンフレット,,,紙類,紙類,,37,36,ごみ分別辞典,table_cell_geometry_extracted
ハンカチ,item_1209,ハンカチ,,,可燃,可燃ごみ,,37,36,ごみ分別辞典,table_cell_geometry_extracted
ハンマー（金属製）,item_1210,ハンマー（金属製）,,,金・ガ,金物・ガラス類,,37,36,ごみ分別辞典,table_cell_geometry_extracted
飯ごう,item_1211,飯ごう,,,金・ガ,金物・ガラス類,,37,36,ごみ分別辞典,table_cell_geometry_extracted
ハンマー（ゴム・プラスチック製）,item_1212,ハンマー（ゴム・プラスチック製）,,,可燃,可燃ごみ,,37,36,ごみ分別辞典,table_cell_geometry_extracted
半紙 使用済みのものも含む,item_1213,半紙,,使用済みのものも含む,紙類,紙類,,37,36,ごみ分別辞典,table_cell_geometry_extracted
絆創膏,item_1214,絆創膏,,,可燃,可燃ごみ,,37,36,ごみ分別辞典,table_cell_geometry_extracted
パン焼き機（家庭用）,item_1215,パン焼き機（家庭用）,,,粗大,粗大ごみ,,37,36,ごみ分別辞典,table_cell_geometry_extracted
ピアス,item_1216,ピアス,,,金・ガ,金物・ガラス類,,37,36,ごみ分別辞典,table_cell_geometry_extracted
ひげそり（T字など）の替え刃 危なくないようにする,item_1217,ひげそり（T字など）の替え刃,,危なくないようにする,金・ガ,金物・ガラス類,,37,36,ごみ分別辞典,table_cell_geometry_extracted
ピアニカ,item_1218,ピアニカ,,,粗大,粗大ごみ,,37,36,ごみ分別辞典,table_cell_geometry_extracted
ひげそり（電気式） バッテリー・電池ははずす,item_1219,ひげそり（電気式）,,バッテリー・電池ははずす,粗大,粗大ごみ,,37,36,ごみ分別辞典,table_cell_geometry_extracted
ピアノ 販売店などに相談,item_1220,ピアノ,,販売店などに相談,禁止,市が収集しないごみ,,37,36,ごみ分別辞典,table_cell_geometry_extracted
ピザの紙箱 リサイクルが困難なため,item_1221,ピザの紙箱,,リサイクルが困難なため,可燃,可燃ごみ,,37,36,ごみ分別辞典,table_cell_geometry_extracted
ピアノ線,item_1222,ピアノ線,,,金・ガ,金物・ガラス類,,37,36,ごみ分別辞典,table_cell_geometry_extracted
ビデオカメラ バッテリー・電池ははずす,item_1223,ビデオカメラ,,バッテリー・電池ははずす,粗大,粗大ごみ,,37,36,ごみ分別辞典,table_cell_geometry_extracted
BS（CS）アンテナ,item_1224,BS（CS）アンテナ,,,粗大,粗大ごみ,,37,36,ごみ分別辞典,table_cell_geometry_extracted
ビデオテープ（ケースも含む） 中の台紙・紙製ケース は「紙類（雑がみ）」 シールは「可燃」,item_1225,ビデオテープ（ケースも含む）,,中の台紙・紙製ケース は「紙類（雑がみ）」 シールは「可燃」,可燃,可燃ごみ,,37,36,ごみ分別辞典,table_cell_geometry_extracted
BS（CS）チューナー,item_1226,BS（CS）チューナー,,,粗大,粗大ごみ,,37,36,ごみ分別辞典,table_cell_geometry_extracted
PHS バッテリーははずす なるべく販売店などへ,item_1227,PHS,,バッテリーははずす なるべく販売店などへ,粗大,粗大ごみ,,37,36,ごみ分別辞典,table_cell_geometry_extracted
ビデオデッキ,item_1228,ビデオデッキ,,,粗大,粗大ごみ,,37,36,ごみ分別辞典,table_cell_geometry_extracted
ひな人形セット,item_1229,ひな人形セット,,,粗大,粗大ごみ,,37,36,ごみ分別辞典,table_cell_geometry_extracted
PHS の充電器 なるべく販売店などへ,item_1230,PHS の充電器,,なるべく販売店などへ,粗大,粗大ごみ,,37,36,ごみ分別辞典,table_cell_geometry_extracted
ビニール（包装など）,item_1231,ビニール（包装など）,,,プラ,プラスチック製容器包装,,37,36,ごみ分別辞典,table_cell_geometry_extracted
ビーズ,item_1232,ビーズ,,,可燃,可燃ごみ,,37,36,ごみ分別辞典,table_cell_geometry_extracted
ビニールクロス,item_1233,ビニールクロス,,,可燃,可燃ごみ,,37,36,ごみ分別辞典,table_cell_geometry_extracted
ヒーター,item_1234,ヒーター,,,粗大,粗大ごみ,,37,36,ごみ分別辞典,table_cell_geometry_extracted
ビニールシート,item_1235,ビニールシート,,,可燃,可燃ごみ,,37,36,ごみ分別辞典,table_cell_geometry_extracted
ビー玉,item_1236,ビー玉,,,金・ガ,金物・ガラス類,,37,36,ごみ分別辞典,table_cell_geometry_extracted
ビニールテープ・ひも,item_1237,ビニールテープ・ひも,,,可燃,可燃ごみ,,37,36,ごみ分別辞典,table_cell_geometry_extracted
ビーチサンダル,item_1238,ビーチサンダル,,,可燃,可燃ごみ,,37,36,ごみ分別辞典,table_cell_geometry_extracted
ビニールバッグ,item_1239,ビニールバッグ,,,可燃,可燃ごみ,,37,36,ごみ分別辞典,table_cell_geometry_extracted
ビーチパラソル,item_1240,ビーチパラソル,,,粗大,粗大ごみ,,37,36,ごみ分別辞典,table_cell_geometry_extracted
ビニールプール,item_1241,ビニールプール,,,可燃,可燃ごみ,,37,36,ごみ分別辞典,table_cell_geometry_extracted
ビーチボール 空気を抜く,item_1242,ビーチボール,,空気を抜く,可燃,可燃ごみ,,37,36,ごみ分別辞典,table_cell_geometry_extracted
ビニール袋,item_1243,ビニール袋,,,プラ,プラスチック製容器包装,,37,36,ごみ分別辞典,table_cell_geometry_extracted
ビーチマット,item_1244,ビーチマット,,,可燃,可燃ごみ,,37,36,ごみ分別辞典,table_cell_geometry_extracted
ビニールホース ホースリール付は「粗大」,item_1245,ビニールホース,,ホースリール付は「粗大」,可燃,可燃ごみ,,37,36,ごみ分別辞典,table_cell_geometry_extracted
ビート板,item_1246,ビート板,,,可燃,可燃ごみ,,37,36,ごみ分別辞典,table_cell_geometry_extracted
火ばさみ・火箸,item_1247,火ばさみ・火箸,,,金・ガ,金物・ガラス類,,37,36,ごみ分別辞典,table_cell_geometry_extracted
ピーラー（皮むき器）,item_1248,ピーラー（皮むき器）,,,金・ガ,金物・ガラス類,,37,36,ごみ分別辞典,table_cell_geometry_extracted
火鉢（陶磁器製） 灰・炭は「可燃」,item_1249,火鉢（陶磁器製）,,灰・炭は「可燃」,埋立,埋立ごみ,,37,36,ごみ分別辞典,table_cell_geometry_extracted
ビールケース なるべく販売店などへ,item_1250,ビールケース,,なるべく販売店などへ,粗大,粗大ごみ,,37,36,ごみ分別辞典,table_cell_geometry_extracted
100 円ライター,item_1251,100 円ライター,,,可燃,可燃ごみ,,37,36,ごみ分別辞典,table_cell_geometry_extracted
ビールサーバー（家庭用）,item_1252,ビールサーバー（家庭用）,,,粗大,粗大ごみ,,37,36,ごみ分別辞典,table_cell_geometry_extracted
ビールびん なるべく購入店などへ,item_1253,ビールびん,,なるべく購入店などへ,金・ガ,金物・ガラス類,,37,36,ごみ分別辞典,table_cell_geometry_extracted
百科事典 取りはずすことのできる ビニールカバーは「可燃」,item_1254,百科事典,,取りはずすことのできる ビニールカバーは「可燃」,紙類,紙類,,37,36,ごみ分別辞典,table_cell_geometry_extracted
ビールびんのふた,item_1255,ビールびんのふた,,,金・ガ,金物・ガラス類,,37,36,ごみ分別辞典,table_cell_geometry_extracted
美顔機,item_1256,美顔機,,,粗大,粗大ごみ,,37,36,ごみ分別辞典,table_cell_geometry_extracted
ヒューズ,item_1257,ヒューズ,,,金・ガ,金物・ガラス類,,37,36,ごみ分別辞典,table_cell_geometry_extracted
ひげそり（T字など） 危なくないようにする,item_1258,ひげそり（T字など）,,危なくないようにする,金・ガ,金物・ガラス類,,37,36,ごみ分別辞典,table_cell_geometry_extracted
屏風,item_1259,屏風,,,粗大,粗大ごみ,,37,36,ごみ分別辞典,table_cell_geometry_extracted
肥料,item_1260,肥料,,,可燃,可燃ごみ,,38,37,ごみ分別辞典,table_cell_geometry_extracted
びん,item_1261,びん,,,金・ガ,金物・ガラス類,,38,37,ごみ分別辞典,table_cell_geometry_extracted
肥料袋（布製・紙製） 家庭菜園で使用したもの のみ可,item_1262,肥料袋（布製・紙製）,,家庭菜園で使用したもの のみ可,可燃,可燃ごみ,,38,37,ごみ分別辞典,table_cell_geometry_extracted
ピンセット,item_1263,ピンセット,,,金・ガ,金物・ガラス類,,38,37,ごみ分別辞典,table_cell_geometry_extracted
便箋,item_1264,便箋,,,紙類,紙類,,38,37,ごみ分別辞典,table_cell_geometry_extracted
肥料袋・容器（プラスチック製） 汚れを取り除く 家庭菜園で使用したもの のみ可,item_1265,肥料袋・容器（プラスチック製）,,汚れを取り除く 家庭菜園で使用したもの のみ可,プラ,プラスチック製容器包装,,38,37,ごみ分別辞典,table_cell_geometry_extracted
びんのキャップ（プラスチック製） 金属製のものは「金・ガ」,item_1266,びんのキャップ（プラスチック製）,,金属製のものは「金・ガ」,プラ,プラスチック製容器包装,,38,37,ごみ分別辞典,table_cell_geometry_extracted
ピルケース（携帯用）,item_1267,ピルケース（携帯用）,,,可燃,可燃ごみ,,38,37,ごみ分別辞典,table_cell_geometry_extracted
ファイル,item_1268,ファイル,,,可燃,可燃ごみ,,38,37,ごみ分別辞典,table_cell_geometry_extracted
筆,item_1269,筆,,,可燃,可燃ごみ,,38,37,ごみ分別辞典,table_cell_geometry_extracted
FA X,item_1270,FA X,,,粗大,粗大ごみ,,38,37,ごみ分別辞典,table_cell_geometry_extracted
筆箱 金属製のものは「金・ガ」,item_1271,筆箱,,金属製のものは「金・ガ」,可燃,可燃ごみ,,38,37,ごみ分別辞典,table_cell_geometry_extracted
ファンシーケース,item_1272,ファンシーケース,,,粗大,粗大ごみ,,38,37,ごみ分別辞典,table_cell_geometry_extracted
布団 袋に入るものは「可燃」,item_1273,布団,,袋に入るものは「可燃」,粗大,粗大ごみ,,38,37,ごみ分別辞典,table_cell_geometry_extracted
ファンデーションのケース 鏡付のコンパクトは「粗大」,item_1274,ファンデーションのケース,,鏡付のコンパクトは「粗大」,可燃,可燃ごみ,,38,37,ごみ分別辞典,table_cell_geometry_extracted
布団圧縮袋,item_1275,布団圧縮袋,,,可燃,可燃ごみ,,38,37,ごみ分別辞典,table_cell_geometry_extracted
ファンヒーター 電池をはずし、燃料は抜く,item_1276,ファンヒーター,,電池をはずし、燃料は抜く,粗大,粗大ごみ,,38,37,ごみ分別辞典,table_cell_geometry_extracted
布団カバー,item_1277,布団カバー,,,可燃,可燃ごみ,,38,37,ごみ分別辞典,table_cell_geometry_extracted
フィルター（空気清浄機など）,item_1278,フィルター（空気清浄機など）,,,可燃,可燃ごみ,,38,37,ごみ分別辞典,table_cell_geometry_extracted
布団乾燥機,item_1279,布団乾燥機,,,粗大,粗大ごみ,,38,37,ごみ分別辞典,table_cell_geometry_extracted
布団たたき,item_1280,布団たたき,,,可燃,可燃ごみ,,38,37,ごみ分別辞典,table_cell_geometry_extracted
フィルム（カメラ用）,item_1281,フィルム（カメラ用）,,,可燃,可燃ごみ,,38,37,ごみ分別辞典,table_cell_geometry_extracted
布団袋,item_1282,布団袋,,,可燃,可燃ごみ,,38,37,ごみ分別辞典,table_cell_geometry_extracted
フィルム（カメラ用）の紙箱,item_1283,フィルム（カメラ用）の紙箱,,,紙類,紙類,,38,37,ごみ分別辞典,table_cell_geometry_extracted
布団干し,item_1284,布団干し,,,粗大,粗大ごみ,,38,37,ごみ分別辞典,table_cell_geometry_extracted
フィルム（カメラ用）のケース,item_1285,フィルム（カメラ用）のケース,,,プラ,プラスチック製容器包装,,38,37,ごみ分別辞典,table_cell_geometry_extracted
踏み台,item_1286,踏み台,,,粗大,粗大ごみ,,38,37,ごみ分別辞典,table_cell_geometry_extracted
フィルム（商品の包装用）,item_1287,フィルム（商品の包装用）,,,プラ,プラスチック製容器包装,,38,37,ごみ分別辞典,table_cell_geometry_extracted
フライ返し（プラスチック製） 金属製のものは「金・ガ」,item_1288,フライ返し（プラスチック製）,,金属製のものは「金・ガ」,可燃,可燃ごみ,,38,37,ごみ分別辞典,table_cell_geometry_extracted
フィルムの保護ケース（鉛入り）,item_1289,フィルムの保護ケース（鉛入り）,,,粗大,粗大ごみ,,38,37,ごみ分別辞典,table_cell_geometry_extracted
フライパン,item_1290,フライパン,,,金・ガ,金物・ガラス類,,38,37,ごみ分別辞典,table_cell_geometry_extracted
ブースター,item_1291,ブースター,,,粗大,粗大ごみ,,38,37,ごみ分別辞典,table_cell_geometry_extracted
ブラインド,item_1292,ブラインド,,,粗大,粗大ごみ,,38,37,ごみ分別辞典,table_cell_geometry_extracted
風船,item_1293,風船,,,可燃,可燃ごみ,,38,37,ごみ分別辞典,table_cell_geometry_extracted
ブラウン管（CRT）ディスプレイ 各メーカー等の窓口へ 申し込む P.48 参照,item_1294,ブラウン管（CRT）ディスプレイ,,各メーカー等の窓口へ 申し込む P.48 参照,禁止,市が収集しないごみ,,38,37,ごみ分別辞典,table_cell_geometry_extracted
ブーツ,item_1295,ブーツ,,,可燃,可燃ごみ,,38,37,ごみ分別辞典,table_cell_geometry_extracted
封筒 セロハンの窓部分は取 りはずし「可燃」,item_1296,封筒,,セロハンの窓部分は取 りはずし「可燃」,紙類,紙類,,38,37,ごみ分別辞典,table_cell_geometry_extracted
ブラウン管（CRT）ディスプレイ一体型パソコン 各メーカー等の窓口へ 申し込む P.48 参照,item_1297,ブラウン管（CRT）ディスプレイ一体型パソコン,,各メーカー等の窓口へ 申し込む P.48 参照,禁止,市が収集しないごみ,,38,37,ごみ分別辞典,table_cell_geometry_extracted
封筒（エアキャップ付） エアキャップははずし て「プラ」,item_1298,封筒（エアキャップ付）,,エアキャップははずし て「プラ」,紙類,紙類,,38,37,ごみ分別辞典,table_cell_geometry_extracted
プラグ（スパークプラグ）,item_1299,プラグ（スパークプラグ）,,,粗大,粗大ごみ,,38,37,ごみ分別辞典,table_cell_geometry_extracted
ぶら下がり健康器,item_1300,ぶら下がり健康器,,,粗大,粗大ごみ,,38,37,ごみ分別辞典,table_cell_geometry_extracted
フードプロセッサー,item_1301,フードプロセッサー,,,粗大,粗大ごみ,,38,37,ごみ分別辞典,table_cell_geometry_extracted
ブラシ 袋に入らないものは「粗大」,item_1302,ブラシ,,袋に入らないものは「粗大」,可燃,可燃ごみ,,38,37,ごみ分別辞典,table_cell_geometry_extracted
風鈴 陶器のものは「埋立」,item_1303,風鈴,,陶器のものは「埋立」,金・ガ,金物・ガラス類,,38,37,ごみ分別辞典,table_cell_geometry_extracted
プラスチック（包装）フィルム,item_1304,プラスチック（包装）フィルム,,,プラ,プラスチック製容器包装,,38,37,ごみ分別辞典,table_cell_geometry_extracted
プール（幼児用） 空気を抜いて出す,item_1305,プール（幼児用）,,空気を抜いて出す,可燃,可燃ごみ,,38,37,ごみ分別辞典,table_cell_geometry_extracted
プラスチックケース,item_1306,プラスチックケース,,,可燃,可燃ごみ,,38,37,ごみ分別辞典,table_cell_geometry_extracted
笛 金属製のものは「金・ガ」,item_1307,笛,,金属製のものは「金・ガ」,可燃,可燃ごみ,,38,37,ごみ分別辞典,table_cell_geometry_extracted
フェルト,item_1308,フェルト,,,可燃,可燃ごみ,,38,37,ごみ分別辞典,table_cell_geometry_extracted
ブラックライト,item_1309,ブラックライト,,,水銀,水銀ごみ,,38,37,ごみ分別辞典,table_cell_geometry_extracted
フォーク（金属製）,item_1310,フォーク（金属製）,,,金・ガ,金物・ガラス類,,38,37,ごみ分別辞典,table_cell_geometry_extracted
フラフープ 袋に入るものは「可燃」,item_1311,フラフープ,,袋に入るものは「可燃」,粗大,粗大ごみ,,38,37,ごみ分別辞典,table_cell_geometry_extracted
フォーク（プラスチック製）,item_1312,フォーク（プラスチック製）,,,可燃,可燃ごみ,,38,37,ごみ分別辞典,table_cell_geometry_extracted
プラモデル,item_1313,プラモデル,,,可燃,可燃ごみ,,38,37,ごみ分別辞典,table_cell_geometry_extracted
フォーク（木製）,item_1314,フォーク（木製）,,,可燃,可燃ごみ,,38,37,ごみ分別辞典,table_cell_geometry_extracted
プラモデルの紙箱,item_1315,プラモデルの紙箱,,,紙類,紙類,,38,37,ごみ分別辞典,table_cell_geometry_extracted
ふきん,item_1316,ふきん,,,可燃,可燃ごみ,,38,37,ごみ分別辞典,table_cell_geometry_extracted
フラワースタンド,item_1317,フラワースタンド,,,粗大,粗大ごみ,,38,37,ごみ分別辞典,table_cell_geometry_extracted
ふすま,item_1318,ふすま,,,粗大,粗大ごみ,,38,37,ごみ分別辞典,table_cell_geometry_extracted
ブランコ（家庭用）,item_1319,ブランコ（家庭用）,,,粗大,粗大ごみ,,38,37,ごみ分別辞典,table_cell_geometry_extracted
付箋紙,item_1320,付箋紙,,,紙類,紙類,,38,37,ごみ分別辞典,table_cell_geometry_extracted
プランター 袋に入るものは「可燃」,item_1321,プランター,,袋に入るものは「可燃」,粗大,粗大ごみ,,38,37,ごみ分別辞典,table_cell_geometry_extracted
ふた・キャップ（金属製） アルミ箔 は「可燃」,item_1322,ふた・キャップ（金属製）,,アルミ箔 は「可燃」,金・ガ,金物・ガラス類,,38,37,ごみ分別辞典,table_cell_geometry_extracted
ブリキ製品 袋に入らないものは「粗大」,item_1323,ブリキ製品,,袋に入らないものは「粗大」,金・ガ,金物・ガラス類,,38,37,ごみ分別辞典,table_cell_geometry_extracted
ふた・キャップ（プラスチック製）,item_1324,ふた・キャップ（プラスチック製）,,,プラ,プラスチック製容器包装,,38,37,ごみ分別辞典,table_cell_geometry_extracted
プリンター（パソコン用など）,item_1325,プリンター（パソコン用など）,,,粗大,粗大ごみ,,38,37,ごみ分別辞典,table_cell_geometry_extracted
ぷちぷち（緩衝材）,item_1326,ぷちぷち（緩衝材）,,,プラ,プラスチック製容器包装,,38,37,ごみ分別辞典,table_cell_geometry_extracted
プリントごっこ,item_1327,プリントごっこ,,,粗大,粗大ごみ,,38,37,ごみ分別辞典,table_cell_geometry_extracted
フック（プラスチック製） 金属製のものは「金・ガ」,item_1328,フック（プラスチック製）,,金属製のものは「金・ガ」,可燃,可燃ごみ,,38,37,ごみ分別辞典,table_cell_geometry_extracted
プリント類（学校等での配布物）,item_1329,プリント類（学校等での配布物）,,,紙類,紙類,,38,37,ごみ分別辞典,table_cell_geometry_extracted
ブックカバー,item_1330,ブックカバー,,,可燃,可燃ごみ,,38,37,ごみ分別辞典,table_cell_geometry_extracted
フットバス,item_1331,フットバス,,,粗大,粗大ごみ,,38,37,ごみ分別辞典,table_cell_geometry_extracted
プリンの外包装フィルム,item_1332,プリンの外包装フィルム,,,プラ,プラスチック製容器包装,,38,37,ごみ分別辞典,table_cell_geometry_extracted
プリンのカップ すすいで出す,item_1333,プリンのカップ,,すすいで出す,プラ,プラスチック製容器包装,,39,38,ごみ分別辞典,table_cell_geometry_extracted
風呂敷,item_1334,風呂敷,,,可燃,可燃ごみ,,39,38,ごみ分別辞典,table_cell_geometry_extracted
プリンの台紙,item_1335,プリンの台紙,,,紙類,紙類,,39,38,ごみ分別辞典,table_cell_geometry_extracted
ブロック（おもちゃ）,item_1336,ブロック（おもちゃ）,,,可燃,可燃ごみ,,39,38,ごみ分別辞典,table_cell_geometry_extracted
プリンのふた アルミ箔 のものは「可燃」,item_1337,プリンのふた,,アルミ箔 のものは「可燃」,プラ,プラスチック製容器包装,,39,38,ごみ分別辞典,table_cell_geometry_extracted
ブロック（コンクリート） 2 〜3 個をひもでし ばって出す 1 回に3 束まで,item_1338,ブロック（コンクリート）,,2 〜3 個をひもでし ばって出す 1 回に3 束まで,埋立,埋立ごみ,,39,38,ごみ分別辞典,table_cell_geometry_extracted
ふるい 袋に入らないものは「粗大」,item_1339,ふるい,,袋に入らないものは「粗大」,金・ガ,金物・ガラス類,,39,38,ごみ分別辞典,table_cell_geometry_extracted
ブルーシート,item_1340,ブルーシート,,,可燃,可燃ごみ,,39,38,ごみ分別辞典,table_cell_geometry_extracted
フロッピーディスク（ケースも含む） 紙製の箱は「紙類（雑 がみ）」,item_1341,フロッピーディスク（ケースも含む）,,紙製の箱は「紙類（雑 がみ）」,可燃,可燃ごみ,,39,38,ごみ分別辞典,table_cell_geometry_extracted
ブルーレイディスク,item_1342,ブルーレイディスク,,,可燃,可燃ごみ,,39,38,ごみ分別辞典,table_cell_geometry_extracted
ブルーレイプレーヤー バッテリー・電池ははずす,item_1343,ブルーレイプレーヤー,,バッテリー・電池ははずす,粗大,粗大ごみ,,39,38,ごみ分別辞典,table_cell_geometry_extracted
風呂のふた,item_1344,風呂のふた,,,粗大,粗大ごみ,,39,38,ごみ分別辞典,table_cell_geometry_extracted
ブルーレイレコーダー,item_1345,ブルーレイレコーダー,,,粗大,粗大ごみ,,39,38,ごみ分別辞典,table_cell_geometry_extracted
風呂のマット 袋に入らないものは「粗大」,item_1346,風呂のマット,,袋に入らないものは「粗大」,可燃,可燃ごみ,,39,38,ごみ分別辞典,table_cell_geometry_extracted
ブレスレット,item_1347,ブレスレット,,,金・ガ,金物・ガラス類,,39,38,ごみ分別辞典,table_cell_geometry_extracted
プロパンガスボンベ 販売店などに相談,item_1348,プロパンガスボンベ,,販売店などに相談,禁止,市が収集しないごみ,,39,38,ごみ分別辞典,table_cell_geometry_extracted
風呂椅子 金属製のものは「金・ガ」 袋に入らないものは「粗大」,item_1349,風呂椅子,,金属製のものは「金・ガ」 袋に入らないものは「粗大」,可燃,可燃ごみ,,39,38,ごみ分別辞典,table_cell_geometry_extracted
風呂用ブーツ,item_1350,風呂用ブーツ,,,可燃,可燃ごみ,,39,38,ごみ分別辞典,table_cell_geometry_extracted
文庫本,item_1351,文庫本,,,紙類,紙類,,39,38,ごみ分別辞典,table_cell_geometry_extracted
プロジェクションテレビ,item_1352,プロジェクションテレビ,,,粗大,粗大ごみ,,39,38,ごみ分別辞典,table_cell_geometry_extracted
文鎮 石製のものは「埋立」,item_1353,文鎮,,石製のものは「埋立」,金・ガ,金物・ガラス類,,39,38,ごみ分別辞典,table_cell_geometry_extracted
プロジェクター,item_1354,プロジェクター,,,粗大,粗大ごみ,,39,38,ごみ分別辞典,table_cell_geometry_extracted
噴霧器（家庭用） 農業用は排出禁止,item_1355,噴霧器（家庭用）,,農業用は排出禁止,粗大,粗大ごみ,,39,38,ごみ分別辞典,table_cell_geometry_extracted
ヘアアイロン,item_1356,ヘアアイロン,,,粗大,粗大ごみ,,39,38,ごみ分別辞典,table_cell_geometry_extracted
ペットボトルのキャップ,item_1357,ペットボトルのキャップ,,,プラ,プラスチック製容器包装,,39,38,ごみ分別辞典,table_cell_geometry_extracted
ヘアスプレー（金属製） 必ず使い切る,item_1358,ヘアスプレー（金属製）,,必ず使い切る,金・ガ,金物・ガラス類,,39,38,ごみ分別辞典,table_cell_geometry_extracted
ペットボトルのラベル,item_1359,ペットボトルのラベル,,,プラ,プラスチック製容器包装,,39,38,ごみ分別辞典,table_cell_geometry_extracted
ヘアスプレーの外包装フィルム,item_1360,ヘアスプレーの外包装フィルム,,,プラ,プラスチック製容器包装,,39,38,ごみ分別辞典,table_cell_geometry_extracted
ベッドマット,item_1361,ベッドマット,,,粗大,粗大ごみ,,39,38,ごみ分別辞典,table_cell_geometry_extracted
ベニヤ板 各辺を長さ50cm 程度 にする,item_1362,ベニヤ板,,各辺を長さ50cm 程度 にする,可燃,可燃ごみ,,39,38,ごみ分別辞典,table_cell_geometry_extracted
ヘアスプレーのキャップ（プラスチック製）,item_1363,ヘアスプレーのキャップ（プラスチック製）,,,プラ,プラスチック製容器包装,,39,38,ごみ分別辞典,table_cell_geometry_extracted
ベビー椅子 粗大申込時は「1脚が1点」,item_1364,ベビー椅子,,粗大申込時は「1脚が1点」,粗大,粗大ごみ,,39,38,ごみ分別辞典,table_cell_geometry_extracted
ヘアドライヤー,item_1365,ヘアドライヤー,,,粗大,粗大ごみ,,39,38,ごみ分別辞典,table_cell_geometry_extracted
ベビーカー,item_1366,ベビーカー,,,粗大,粗大ごみ,,39,38,ごみ分別辞典,table_cell_geometry_extracted
ヘアバンド,item_1367,ヘアバンド,,,可燃,可燃ごみ,,39,38,ごみ分別辞典,table_cell_geometry_extracted
ベビーガード,item_1368,ベビーガード,,,粗大,粗大ごみ,,39,38,ごみ分別辞典,table_cell_geometry_extracted
ヘアピン プラスチック製のもの は「可燃」,item_1369,ヘアピン,,プラスチック製のもの は「可燃」,金・ガ,金物・ガラス類,,39,38,ごみ分別辞典,table_cell_geometry_extracted
ベビークーハン 袋に入れば「可燃」,item_1370,ベビークーハン,,袋に入れば「可燃」,粗大,粗大ごみ,,39,38,ごみ分別辞典,table_cell_geometry_extracted
ベビーサークル,item_1371,ベビーサークル,,,粗大,粗大ごみ,,39,38,ごみ分別辞典,table_cell_geometry_extracted
ペーパータオル,item_1372,ペーパータオル,,,可燃,可燃ごみ,,39,38,ごみ分別辞典,table_cell_geometry_extracted
ベビーバス,item_1373,ベビーバス,,,粗大,粗大ごみ,,39,38,ごみ分別辞典,table_cell_geometry_extracted
ペーパーナイフ（金属製） 木製のものは「可燃」,item_1374,ペーパーナイフ（金属製）,,木製のものは「可燃」,金・ガ,金物・ガラス類,,39,38,ごみ分別辞典,table_cell_geometry_extracted
ベビーフェンス,item_1375,ベビーフェンス,,,粗大,粗大ごみ,,39,38,ごみ分別辞典,table_cell_geometry_extracted
ベッド,item_1376,ベッド,,,粗大,粗大ごみ,,39,38,ごみ分別辞典,table_cell_geometry_extracted
ベビーベッド,item_1377,ベビーベッド,,,粗大,粗大ごみ,,39,38,ごみ分別辞典,table_cell_geometry_extracted
ペットシート,item_1378,ペットシート,,,可燃,可燃ごみ,,39,38,ごみ分別辞典,table_cell_geometry_extracted
ベビーラック,item_1379,ベビーラック,,,粗大,粗大ごみ,,39,38,ごみ分別辞典,table_cell_geometry_extracted
ペットのかじり木,item_1380,ペットのかじり木,,,可燃,可燃ごみ,,39,38,ごみ分別辞典,table_cell_geometry_extracted
へら 金属製のものは「金・ガ」,item_1381,へら,,金属製のものは「金・ガ」,可燃,可燃ごみ,,39,38,ごみ分別辞典,table_cell_geometry_extracted
ペットのキャリーバッグ,item_1382,ペットのキャリーバッグ,,,可燃,可燃ごみ,,39,38,ごみ分別辞典,table_cell_geometry_extracted
ヘルスメーター 電池ははずす,item_1383,ヘルスメーター,,電池ははずす,粗大,粗大ごみ,,39,38,ごみ分別辞典,table_cell_geometry_extracted
ペットの小屋,item_1384,ペットの小屋,,,粗大,粗大ごみ,,39,38,ごみ分別辞典,table_cell_geometry_extracted
ベルト 取りはずすことのでき る金具は「金・ガ」,item_1385,ベルト,,取りはずすことのでき る金具は「金・ガ」,可燃,可燃ごみ,,39,38,ごみ分別辞典,table_cell_geometry_extracted
ペットのサークル,item_1386,ペットのサークル,,,粗大,粗大ごみ,,39,38,ごみ分別辞典,table_cell_geometry_extracted
ペットの死体,item_1387,ペットの死体,,,禁止,市が収集しないごみ,,39,38,ごみ分別辞典,table_cell_geometry_extracted
ヘルメット,item_1388,ヘルメット,,,粗大,粗大ごみ,,39,38,ごみ分別辞典,table_cell_geometry_extracted
ペットのトイレ,item_1389,ペットのトイレ,,,可燃,可燃ごみ,,39,38,ごみ分別辞典,table_cell_geometry_extracted
ペン（金属製）,item_1390,ペン（金属製）,,,金・ガ,金物・ガラス類,,39,38,ごみ分別辞典,table_cell_geometry_extracted
ペットのトイレ用砂 不燃性のものは「埋立」,item_1391,ペットのトイレ用砂,,不燃性のものは「埋立」,可燃,可燃ごみ,,39,38,ごみ分別辞典,table_cell_geometry_extracted
ペン（プラスチック製）,item_1392,ペン（プラスチック製）,,,可燃,可燃ごみ,,39,38,ごみ分別辞典,table_cell_geometry_extracted
ペットのふん,item_1393,ペットのふん,,,可燃,可燃ごみ,,39,38,ごみ分別辞典,table_cell_geometry_extracted
ペンキ 布・新聞紙などにしみ こませる ハケも「可燃」,item_1394,ペンキ,,布・新聞紙などにしみ こませる ハケも「可燃」,可燃,可燃ごみ,,39,38,ごみ分別辞典,table_cell_geometry_extracted
ペットフードの紙箱,item_1395,ペットフードの紙箱,,,紙類,紙類,,39,38,ごみ分別辞典,table_cell_geometry_extracted
ペットフードの缶 汚れを取り除く,item_1396,ペットフードの缶,,汚れを取り除く,金・ガ,金物・ガラス類,,39,38,ごみ分別辞典,table_cell_geometry_extracted
ペンキ缶のプラスチック製キャップ,item_1397,ペンキ缶のプラスチック製キャップ,,,プラ,プラスチック製容器包装,,39,38,ごみ分別辞典,table_cell_geometry_extracted
ペットフードの袋（プラスチック製） 中身を残さない 紙製のものは「可燃」,item_1398,ペットフードの袋（プラスチック製）,,中身を残さない 紙製のものは「可燃」,プラ,プラスチック製容器包装,,39,38,ごみ分別辞典,table_cell_geometry_extracted
ペンキの空き缶 中身を残さない,item_1399,ペンキの空き缶,,中身を残さない,金・ガ,金物・ガラス類,,39,38,ごみ分別辞典,table_cell_geometry_extracted
ヘッドホン,item_1400,ヘッドホン,,,粗大,粗大ごみ,,39,38,ごみ分別辞典,table_cell_geometry_extracted
ペンキのスプレー缶 必ず使い切る,item_1401,ペンキのスプレー缶,,必ず使い切る,金・ガ,金物・ガラス類,,39,38,ごみ分別辞典,table_cell_geometry_extracted
ペットボトル ラベル・キャップはは ずし「プラ」 ボトルはすすいで出す,item_1402,ペットボトル,,ラベル・キャップはは ずし「プラ」 ボトルはすすいで出す,ペット,ペットボトル,,39,38,ごみ分別辞典,visual_category_icon_verified
便器（ポータブル） 洗って出す 陶器製のものは「埋立」,item_1403,便器（ポータブル）,,洗って出す 陶器製のものは「埋立」,粗大,粗大ごみ,,39,38,ごみ分別辞典,table_cell_geometry_extracted
便座 洗って出す,item_1404,便座,,洗って出す,粗大,粗大ごみ,,40,39,ごみ分別辞典,table_cell_geometry_extracted
弁当・惣菜の容器（プラスチック製） 汚れを取り除く （コンビニ弁当など）,item_1405,弁当・惣菜の容器（プラスチック製）,,汚れを取り除く （コンビニ弁当など）,プラ,プラスチック製容器包装,,40,39,ごみ分別辞典,table_cell_geometry_extracted
便座カバー,item_1406,便座カバー,,,可燃,可燃ごみ,,40,39,ごみ分別辞典,table_cell_geometry_extracted
ベンジン 販売店などに相談,item_1407,ベンジン,,販売店などに相談,禁止,市が収集しないごみ,,40,39,ごみ分別辞典,table_cell_geometry_extracted
弁当箱（金属製）,item_1408,弁当箱（金属製）,,,金・ガ,金物・ガラス類,,40,39,ごみ分別辞典,table_cell_geometry_extracted
ペンチ,item_1409,ペンチ,,,金・ガ,金物・ガラス類,,40,39,ごみ分別辞典,table_cell_geometry_extracted
弁当箱（プラスチック製）,item_1410,弁当箱（プラスチック製）,,,可燃,可燃ごみ,,40,39,ごみ分別辞典,table_cell_geometry_extracted
弁当・惣菜の容器（紙製） リサイクルが困難なため,item_1411,弁当・惣菜の容器（紙製）,,リサイクルが困難なため,可燃,可燃ごみ,,40,39,ごみ分別辞典,table_cell_geometry_extracted
ペンライト 電池ははずす,item_1412,ペンライト,,電池ははずす,粗大,粗大ごみ,,40,39,ごみ分別辞典,table_cell_geometry_extracted
ホイール 販売店などに相談,item_1413,ホイール,,販売店などに相談,禁止,市が収集しないごみ,,40,39,ごみ分別辞典,table_cell_geometry_extracted
ポールハンガー,item_1414,ポールハンガー,,,粗大,粗大ごみ,,40,39,ごみ分別辞典,table_cell_geometry_extracted
ホイールキャップ,item_1415,ホイールキャップ,,,粗大,粗大ごみ,,40,39,ごみ分別辞典,table_cell_geometry_extracted
ボールペン（金属製）,item_1416,ボールペン（金属製）,,,金・ガ,金物・ガラス類,,40,39,ごみ分別辞典,table_cell_geometry_extracted
ボイラー（風呂用） 販売店などに相談,item_1417,ボイラー（風呂用）,,販売店などに相談,禁止,市が収集しないごみ,,40,39,ごみ分別辞典,table_cell_geometry_extracted
ボールペン（プラスチック製）,item_1418,ボールペン（プラスチック製）,,,可燃,可燃ごみ,,40,39,ごみ分別辞典,table_cell_geometry_extracted
望遠鏡,item_1419,望遠鏡,,,粗大,粗大ごみ,,40,39,ごみ分別辞典,table_cell_geometry_extracted
望遠レンズ,item_1420,望遠レンズ,,,粗大,粗大ごみ,,40,39,ごみ分別辞典,table_cell_geometry_extracted
ホーロー鍋類,item_1421,ホーロー鍋類,,,金・ガ,金物・ガラス類,,40,39,ごみ分別辞典,table_cell_geometry_extracted
ほうき 袋に入らないものは 「粗大」,item_1422,ほうき,,袋に入らないものは 「粗大」,可燃,可燃ごみ,,40,39,ごみ分別辞典,table_cell_geometry_extracted
保温トレー,item_1423,保温トレー,,,粗大,粗大ごみ,,40,39,ごみ分別辞典,table_cell_geometry_extracted
保温・保冷庫 家電4品目 P.49参照,item_1424,保温・保冷庫,,家電4品目 P.49参照,禁止,市が収集しないごみ,,40,39,ごみ分別辞典,table_cell_geometry_extracted
芳香剤などのケース（金属・ガラス製） 中身を残さない,item_1425,芳香剤などのケース（金属・ガラス製）,,中身を残さない,金・ガ,金物・ガラス類,,40,39,ごみ分別辞典,table_cell_geometry_extracted
墨汁 布・新聞紙などにしみ こませる,item_1426,墨汁,,布・新聞紙などにしみ こませる,可燃,可燃ごみ,,40,39,ごみ分別辞典,table_cell_geometry_extracted
芳香剤などのケース（陶磁器製） 中身を残さない,item_1427,芳香剤などのケース（陶磁器製）,,中身を残さない,埋立,埋立ごみ,,40,39,ごみ分別辞典,table_cell_geometry_extracted
墨汁の容器 すすいで出す,item_1428,墨汁の容器,,すすいで出す,プラ,プラスチック製容器包装,,40,39,ごみ分別辞典,table_cell_geometry_extracted
木刀,item_1429,木刀,,,粗大,粗大ごみ,,40,39,ごみ分別辞典,table_cell_geometry_extracted
芳香剤などのケース（プラスチック製） 中身を残さない ケースと一体になって いる台紙も含む,item_1430,芳香剤などのケース（プラスチック製）,,中身を残さない ケースと一体になって いる台紙も含む,プラ,プラスチック製容器包装,,40,39,ごみ分別辞典,table_cell_geometry_extracted
ポケットティッシュの包装 台紙は「紙類（雑がみ）」,item_1431,ポケットティッシュの包装,,台紙は「紙類（雑がみ）」,プラ,プラスチック製容器包装,,40,39,ごみ分別辞典,table_cell_geometry_extracted
歩行器,item_1432,歩行器,,,粗大,粗大ごみ,,40,39,ごみ分別辞典,table_cell_geometry_extracted
帽子,item_1433,帽子,,,可燃,可燃ごみ,,40,39,ごみ分別辞典,table_cell_geometry_extracted
ポスター,item_1434,ポスター,,,紙類,紙類,,40,39,ごみ分別辞典,table_cell_geometry_extracted
棒ずり,item_1435,棒ずり,,,粗大,粗大ごみ,,40,39,ごみ分別辞典,table_cell_geometry_extracted
ポスト（郵便受け）,item_1436,ポスト（郵便受け）,,,粗大,粗大ごみ,,40,39,ごみ分別辞典,table_cell_geometry_extracted
包装紙,item_1437,包装紙,,,紙類,紙類,,40,39,ごみ分別辞典,table_cell_geometry_extracted
ボストンバッグ 袋に入らないものは「粗大」,item_1438,ボストンバッグ,,袋に入らないものは「粗大」,可燃,可燃ごみ,,40,39,ごみ分別辞典,table_cell_geometry_extracted
包装フィルム,item_1439,包装フィルム,,,プラ,プラスチック製容器包装,,40,39,ごみ分別辞典,table_cell_geometry_extracted
ボタン 金属製のものは「金・ガ」,item_1440,ボタン,,金属製のものは「金・ガ」,可燃,可燃ごみ,,40,39,ごみ分別辞典,table_cell_geometry_extracted
包帯,item_1441,包帯,,,可燃,可燃ごみ,,40,39,ごみ分別辞典,table_cell_geometry_extracted
ボタン型電池 水銀０使用のものも「水銀」,item_1442,ボタン型電池,,水銀０使用のものも「水銀」,水銀,水銀ごみ,,40,39,ごみ分別辞典,table_cell_geometry_extracted
防虫剤,item_1443,防虫剤,,,可燃,可燃ごみ,,40,39,ごみ分別辞典,table_cell_geometry_extracted
補聴器 電池ははずす,item_1444,補聴器,,電池ははずす,粗大,粗大ごみ,,40,39,ごみ分別辞典,table_cell_geometry_extracted
防虫剤のケース（プラスチック製） 中身を残さない,item_1445,防虫剤のケース（プラスチック製）,,中身を残さない,プラ,プラスチック製容器包装,,40,39,ごみ分別辞典,table_cell_geometry_extracted
ホッチキス 針も「金・ガ」,item_1446,ホッチキス,,針も「金・ガ」,金・ガ,金物・ガラス類,,40,39,ごみ分別辞典,table_cell_geometry_extracted
防虫シート（衣類用）,item_1447,防虫シート（衣類用）,,,可燃,可燃ごみ,,40,39,ごみ分別辞典,table_cell_geometry_extracted
ホッチキスの針の空き箱,item_1448,ホッチキスの針の空き箱,,,紙類,紙類,,40,39,ごみ分別辞典,table_cell_geometry_extracted
包丁 危なくないようにする,item_1449,包丁,,危なくないようにする,金・ガ,金物・ガラス類,,40,39,ごみ分別辞典,table_cell_geometry_extracted
ポット,item_1450,ポット,,,粗大,粗大ごみ,,40,39,ごみ分別辞典,table_cell_geometry_extracted
包丁研ぎ器 電動式は「粗大」 刃物つきは「金・ガ」,item_1451,包丁研ぎ器,,電動式は「粗大」 刃物つきは「金・ガ」,粗大,粗大ごみ,,40,39,ごみ分別辞典,table_cell_geometry_extracted
ホットカーペット,item_1452,ホットカーペット,,,粗大,粗大ごみ,,40,39,ごみ分別辞典,table_cell_geometry_extracted
ホットカーラー,item_1453,ホットカーラー,,,粗大,粗大ごみ,,40,39,ごみ分別辞典,table_cell_geometry_extracted
ボウリングのボール,item_1454,ボウリングのボール,,,埋立,埋立ごみ,,40,39,ごみ分別辞典,table_cell_geometry_extracted
ホットプレート,item_1455,ホットプレート,,,粗大,粗大ごみ,,40,39,ごみ分別辞典,table_cell_geometry_extracted
ボウル（木・プラスチック製）,item_1456,ボウル（木・プラスチック製）,,,可燃,可燃ごみ,,40,39,ごみ分別辞典,table_cell_geometry_extracted
ボディーブラシ,item_1457,ボディーブラシ,,,可燃,可燃ごみ,,40,39,ごみ分別辞典,table_cell_geometry_extracted
ボウル（金属・ガラス製）,item_1458,ボウル（金属・ガラス製）,,,金・ガ,金物・ガラス類,,40,39,ごみ分別辞典,table_cell_geometry_extracted
ポテトチップの紙缶（筒型） つぶして出す 金属がついていてはず せないものは「可燃」,item_1459,ポテトチップの紙缶（筒型）,,つぶして出す 金属がついていてはず せないものは「可燃」,紙類,紙類,,40,39,ごみ分別辞典,table_cell_geometry_extracted
ホース（散水用） ホースリール付は「粗大」,item_1460,ホース（散水用）,,ホースリール付は「粗大」,可燃,可燃ごみ,,40,39,ごみ分別辞典,table_cell_geometry_extracted
ホースリール,item_1461,ホースリール,,,粗大,粗大ごみ,,40,39,ごみ分別辞典,table_cell_geometry_extracted
ポテトチップの紙缶のふた（紙製）,item_1462,ポテトチップの紙缶のふた（紙製）,,,紙類,紙類,,40,39,ごみ分別辞典,table_cell_geometry_extracted
ポータブルトイレ 洗って出す,item_1463,ポータブルトイレ,,洗って出す,粗大,粗大ごみ,,40,39,ごみ分別辞典,table_cell_geometry_extracted
ポータブルプレイヤー バッテリー・電池ははずす,item_1464,ポータブルプレイヤー,,バッテリー・電池ははずす,粗大,粗大ごみ,,40,39,ごみ分別辞典,table_cell_geometry_extracted
ポテトチップの紙缶のふた（プラスチック製）,item_1465,ポテトチップの紙缶のふた（プラスチック製）,,,プラ,プラスチック製容器包装,,40,39,ごみ分別辞典,table_cell_geometry_extracted
ポーチ,item_1466,ポーチ,,,可燃,可燃ごみ,,40,39,ごみ分別辞典,table_cell_geometry_extracted
ボート（釣り用など） 販売店などに相談,item_1467,ボート（釣り用など）,,販売店などに相談,禁止,市が収集しないごみ,,40,39,ごみ分別辞典,table_cell_geometry_extracted
ポテトチップの袋 中身を残さない,item_1468,ポテトチップの袋,,中身を残さない,プラ,プラスチック製容器包装,,40,39,ごみ分別辞典,table_cell_geometry_extracted
ボードゲーム 電池を使用するものは、 電池をはずして「粗大」,item_1469,ボードゲーム,,電池を使用するものは、 電池をはずして「粗大」,可燃,可燃ごみ,,40,39,ごみ分別辞典,table_cell_geometry_extracted
哺乳びん ガラス製のものは「金・ガ」,item_1470,哺乳びん,,ガラス製のものは「金・ガ」,可燃,可燃ごみ,,40,39,ごみ分別辞典,table_cell_geometry_extracted
哺乳びん消毒器,item_1471,哺乳びん消毒器,,,粗大,粗大ごみ,,40,39,ごみ分別辞典,table_cell_geometry_extracted
ホームベーカリー,item_1472,ホームベーカリー,,,粗大,粗大ごみ,,40,39,ごみ分別辞典,table_cell_geometry_extracted
ポラロイドカメラ 電池ははずす,item_1473,ポラロイドカメラ,,電池ははずす,粗大,粗大ごみ,,40,39,ごみ分別辞典,table_cell_geometry_extracted
ボール 大きいものは空気を抜く,item_1474,ボール,,大きいものは空気を抜く,可燃,可燃ごみ,,40,39,ごみ分別辞典,table_cell_geometry_extracted
ポラロイドフィルムケース,item_1475,ポラロイドフィルムケース,,,プラ,プラスチック製容器包装,,40,39,ごみ分別辞典,table_cell_geometry_extracted
ポリタンク 中身を残さない,item_1476,ポリタンク,,中身を残さない,粗大,粗大ごみ,,41,40,ごみ分別辞典,table_cell_geometry_extracted
本 取りはずすことのできる ビニールカバーは「可燃」,item_1477,本,,取りはずすことのできる ビニールカバーは「可燃」,紙類,紙類,,41,40,ごみ分別辞典,table_cell_geometry_extracted
ポリバケツ 袋に入らないものは「粗大」 中に他のごみを入れない,item_1478,ポリバケツ,,袋に入らないものは「粗大」 中に他のごみを入れない,可燃,可燃ごみ,,41,40,ごみ分別辞典,table_cell_geometry_extracted
本立て 金属製のものは「金・ガ」,item_1479,本立て,,金属製のものは「金・ガ」,可燃,可燃ごみ,,41,40,ごみ分別辞典,table_cell_geometry_extracted
ポリ袋,item_1480,ポリ袋,,,プラ,プラスチック製容器包装,,41,40,ごみ分別辞典,table_cell_geometry_extracted
本棚・本箱,item_1481,本棚・本箱,,,粗大,粗大ごみ,,41,40,ごみ分別辞典,table_cell_geometry_extracted
ボルト・ナット,item_1482,ボルト・ナット,,,金・ガ,金物・ガラス類,,41,40,ごみ分別辞典,table_cell_geometry_extracted
ボンドの容器（金属製） 使いきって出す,item_1483,ボンドの容器（金属製）,,使いきって出す,金・ガ,金物・ガラス類,,41,40,ごみ分別辞典,table_cell_geometry_extracted
保冷剤 袋のまま,item_1484,保冷剤,,袋のまま,可燃,可燃ごみ,,41,40,ごみ分別辞典,table_cell_geometry_extracted
ボンドの容器（金属製チューブ）,item_1485,ボンドの容器（金属製チューブ）,,,可燃,可燃ごみ,,41,40,ごみ分別辞典,table_cell_geometry_extracted
保冷バッグ,item_1486,保冷バッグ,,,可燃,可燃ごみ,,41,40,ごみ分別辞典,table_cell_geometry_extracted
ボンドの容器（プラスチック製） 使いきって出す,item_1487,ボンドの容器（プラスチック製）,,使いきって出す,プラ,プラスチック製容器包装,,41,40,ごみ分別辞典,table_cell_geometry_extracted
ホワイトボード,item_1488,ホワイトボード,,,粗大,粗大ごみ,,41,40,ごみ分別辞典,table_cell_geometry_extracted
ポンプ,item_1489,ポンプ,,,粗大,粗大ごみ,,41,40,ごみ分別辞典,table_cell_geometry_extracted
ボンベ（LP・高圧） 販売店などに相談,item_1490,ボンベ（LP・高圧）,,販売店などに相談,禁止,市が収集しないごみ,,41,40,ごみ分別辞典,table_cell_geometry_extracted
マーカーペン,item_1491,マーカーペン,,,可燃,可燃ごみ,,41,40,ごみ分別辞典,table_cell_geometry_extracted
マッチ・マッチ箱 未使用のものは水に濡 らして出す,item_1492,マッチ・マッチ箱,,未使用のものは水に濡 らして出す,可燃,可燃ごみ,,41,40,ごみ分別辞典,table_cell_geometry_extracted
マーガリン・バターの外箱,item_1493,マーガリン・バターの外箱,,,紙類,紙類,,41,40,ごみ分別辞典,table_cell_geometry_extracted
マーガリン・バターの容器 汚れを取り除く アルミ箔 は「可燃」,item_1494,マーガリン・バターの容器,,汚れを取り除く アルミ箔 は「可燃」,プラ,プラスチック製容器包装,,41,40,ごみ分別辞典,table_cell_geometry_extracted
マット 袋に入らないものは 「粗大」,item_1495,マット,,袋に入らないものは 「粗大」,可燃,可燃ごみ,,41,40,ごみ分別辞典,table_cell_geometry_extracted
麻雀卓,item_1496,麻雀卓,,,粗大,粗大ごみ,,41,40,ごみ分別辞典,table_cell_geometry_extracted
マットレス スプリングマットレス は排出禁止,item_1497,マットレス,,スプリングマットレス は排出禁止,粗大,粗大ごみ,,41,40,ごみ分別辞典,table_cell_geometry_extracted
麻雀牌,item_1498,麻雀牌,,,可燃,可燃ごみ,,41,40,ごみ分別辞典,table_cell_geometry_extracted
麻雀マット 袋に入るものは「可燃」,item_1499,麻雀マット,,袋に入るものは「可燃」,粗大,粗大ごみ,,41,40,ごみ分別辞典,table_cell_geometry_extracted
松葉杖,item_1500,松葉杖,,,粗大,粗大ごみ,,41,40,ごみ分別辞典,table_cell_geometry_extracted
マイク バッテリー・電池ははずす,item_1501,マイク,,バッテリー・電池ははずす,粗大,粗大ごみ,,41,40,ごみ分別辞典,table_cell_geometry_extracted
窓付き封筒 窓がセロハンのものは 切り取って「可燃」,item_1502,窓付き封筒,,窓がセロハンのものは 切り取って「可燃」,紙類,紙類,,41,40,ごみ分別辞典,table_cell_geometry_extracted
マウス（パソコン用） 電池ははずす,item_1503,マウス（パソコン用）,,電池ははずす,粗大,粗大ごみ,,41,40,ごみ分別辞典,table_cell_geometry_extracted
マウスパッド,item_1504,マウスパッド,,,可燃,可燃ごみ,,41,40,ごみ分別辞典,table_cell_geometry_extracted
マドラー（金属製）,item_1505,マドラー（金属製）,,,金・ガ,金物・ガラス類,,41,40,ごみ分別辞典,table_cell_geometry_extracted
マウンテンバイク（自転車）,item_1506,マウンテンバイク（自転車）,,,粗大,粗大ごみ,,41,40,ごみ分別辞典,table_cell_geometry_extracted
マドラー（プラスチック製）,item_1507,マドラー（プラスチック製）,,,可燃,可燃ごみ,,41,40,ごみ分別辞典,table_cell_geometry_extracted
まな板（木製・プラスチック製）,item_1508,まな板（木製・プラスチック製）,,,可燃,可燃ごみ,,41,40,ごみ分別辞典,table_cell_geometry_extracted
マガジンラック,item_1509,マガジンラック,,,粗大,粗大ごみ,,41,40,ごみ分別辞典,table_cell_geometry_extracted
巻き尺（メジャー） 全体がプラスチック製 のものは「可燃」,item_1510,巻き尺（メジャー）,,全体がプラスチック製 のものは「可燃」,金・ガ,金物・ガラス類,,41,40,ごみ分別辞典,table_cell_geometry_extracted
マニキュアのキャップ,item_1511,マニキュアのキャップ,,,プラ,プラスチック製容器包装,,41,40,ごみ分別辞典,table_cell_geometry_extracted
マニキュアのびん 使いきって出す 中身が固まっている場合 は「粗大」 P.15 参照,item_1512,マニキュアのびん,,使いきって出す 中身が固まっている場合 は「粗大」 P.15 参照,金・ガ,金物・ガラス類,,41,40,ごみ分別辞典,table_cell_geometry_extracted
薪ストーブ,item_1513,薪ストーブ,,,禁止,市が収集しないごみ,,41,40,ごみ分別辞典,table_cell_geometry_extracted
マグカップ（金属製）,item_1514,マグカップ（金属製）,,,金・ガ,金物・ガラス類,,41,40,ごみ分別辞典,table_cell_geometry_extracted
豆炭 水に濡らす,item_1515,豆炭,,水に濡らす,可燃,可燃ごみ,,41,40,ごみ分別辞典,table_cell_geometry_extracted
マグカップ（陶磁器製）,item_1516,マグカップ（陶磁器製）,,,埋立,埋立ごみ,,41,40,ごみ分別辞典,table_cell_geometry_extracted
豆電球,item_1517,豆電球,,,水銀,水銀ごみ,,41,40,ごみ分別辞典,table_cell_geometry_extracted
マグカップ（プラスチック製）,item_1518,マグカップ（プラスチック製）,,,可燃,可燃ごみ,,41,40,ごみ分別辞典,table_cell_geometry_extracted
マヨネーズのキャップ,item_1519,マヨネーズのキャップ,,,プラ,プラスチック製容器包装,,41,40,ごみ分別辞典,table_cell_geometry_extracted
マグネット シート状のものは「可燃」,item_1520,マグネット,,シート状のものは「可燃」,埋立,埋立ごみ,,41,40,ごみ分別辞典,table_cell_geometry_extracted
マヨネーズの外袋,item_1521,マヨネーズの外袋,,,プラ,プラスチック製容器包装,,41,40,ごみ分別辞典,table_cell_geometry_extracted
枕・枕カバー,item_1522,枕・枕カバー,,,可燃,可燃ごみ,,41,40,ごみ分別辞典,table_cell_geometry_extracted
マヨネーズの容器 汚れを取り除く ガラス製のものは「金・ガ」,item_1523,マヨネーズの容器,,汚れを取り除く ガラス製のものは「金・ガ」,プラ,プラスチック製容器包装,,41,40,ごみ分別辞典,table_cell_geometry_extracted
孫の手 金属製のものは「金・ガ」,item_1524,孫の手,,金属製のものは「金・ガ」,可燃,可燃ごみ,,41,40,ごみ分別辞典,table_cell_geometry_extracted
マジックペン（金属製）,item_1525,マジックペン（金属製）,,,金・ガ,金物・ガラス類,,41,40,ごみ分別辞典,table_cell_geometry_extracted
丸太 「木」P.22 フロー図参照,item_1526,丸太,,「木」P.22 フロー図参照,,,wood_disposal_flow,41,40,ごみ分別辞典,source_refers_to_decision_flow
マジックペン（プラスチック製）,item_1527,マジックペン（プラスチック製）,,,可燃,可燃ごみ,,41,40,ごみ分別辞典,table_cell_geometry_extracted
マルチシート 農業用は排出禁止,item_1528,マルチシート,,農業用は排出禁止,可燃,可燃ごみ,,41,40,ごみ分別辞典,table_cell_geometry_extracted
枡,item_1529,枡,,,可燃,可燃ごみ,,41,40,ごみ分別辞典,table_cell_geometry_extracted
漫画本,item_1530,漫画本,,,紙類,紙類,,41,40,ごみ分別辞典,table_cell_geometry_extracted
マスカラ,item_1531,マスカラ,,,可燃,可燃ごみ,,41,40,ごみ分別辞典,table_cell_geometry_extracted
マンガン電池,item_1532,マンガン電池,,,埋立,埋立ごみ,,41,40,ごみ分別辞典,table_cell_geometry_extracted
マスク,item_1533,マスク,,,可燃,可燃ごみ,,41,40,ごみ分別辞典,table_cell_geometry_extracted
万年筆（金属製）,item_1534,万年筆（金属製）,,,金・ガ,金物・ガラス類,,41,40,ごみ分別辞典,table_cell_geometry_extracted
まち針 危なくないようにする,item_1535,まち針,,危なくないようにする,金・ガ,金物・ガラス類,,41,40,ごみ分別辞典,table_cell_geometry_extracted
万年筆（プラスチック製）,item_1536,万年筆（プラスチック製）,,,可燃,可燃ごみ,,41,40,ごみ分別辞典,table_cell_geometry_extracted
マッサージ機 電池ははずす,item_1537,マッサージ機,,電池ははずす,粗大,粗大ごみ,,41,40,ごみ分別辞典,table_cell_geometry_extracted
マンホールのふた（浄化槽用）,item_1538,マンホールのふた（浄化槽用）,,,粗大,粗大ごみ,,41,40,ごみ分別辞典,table_cell_geometry_extracted
マッサージチェア,item_1539,マッサージチェア,,,粗大,粗大ごみ,,41,40,ごみ分別辞典,table_cell_geometry_extracted
マッシャー プラスチック製のもの は「可燃」,item_1540,マッシャー,,プラスチック製のもの は「可燃」,金・ガ,金物・ガラス類,,41,40,ごみ分別辞典,table_cell_geometry_extracted
万歩計 電池ははずす,item_1541,万歩計,,電池ははずす,粗大,粗大ごみ,,41,40,ごみ分別辞典,table_cell_geometry_extracted
みかんなどのネット袋,item_1542,みかんなどのネット袋,,,プラ,プラスチック製容器包装,,42,41,ごみ分別辞典,table_cell_geometry_extracted
ミニカー（おもちゃ）,item_1543,ミニカー（おもちゃ）,,,金・ガ,金物・ガラス類,,42,41,ごみ分別辞典,table_cell_geometry_extracted
ミキサー,item_1544,ミキサー,,,粗大,粗大ごみ,,42,41,ごみ分別辞典,table_cell_geometry_extracted
ミニコンポ,item_1545,ミニコンポ,,,粗大,粗大ごみ,,42,41,ごみ分別辞典,table_cell_geometry_extracted
ミシン,item_1546,ミシン,,,粗大,粗大ごみ,,42,41,ごみ分別辞典,table_cell_geometry_extracted
耳かき 金属製のものは「金・ガ」 電池式は「粗大」,item_1547,耳かき,,金属製のものは「金・ガ」 電池式は「粗大」,可燃,可燃ごみ,,42,41,ごみ分別辞典,table_cell_geometry_extracted
ミシン台,item_1548,ミシン台,,,粗大,粗大ごみ,,42,41,ごみ分別辞典,table_cell_geometry_extracted
水入れ（絵の具用）,item_1549,水入れ（絵の具用）,,,可燃,可燃ごみ,,42,41,ごみ分別辞典,table_cell_geometry_extracted
ミラー（鏡） 破片は紙で包み「われ もの」等と記載する,item_1550,ミラー（鏡）,,破片は紙で包み「われ もの」等と記載する,粗大,粗大ごみ,,42,41,ごみ分別辞典,table_cell_geometry_extracted
水着,item_1551,水着,,,可燃,可燃ごみ,,42,41,ごみ分別辞典,table_cell_geometry_extracted
水切りかご 金属製のものは「金・ガ」,item_1552,水切りかご,,金属製のものは「金・ガ」,可燃,可燃ごみ,,42,41,ごみ分別辞典,table_cell_geometry_extracted
みりんの容器（ガラス製）,item_1553,みりんの容器（ガラス製）,,,金・ガ,金物・ガラス類,,42,41,ごみ分別辞典,table_cell_geometry_extracted
水差し（金属製）,item_1554,水差し（金属製）,,,金・ガ,金物・ガラス類,,42,41,ごみ分別辞典,table_cell_geometry_extracted
水差し（陶磁器製）,item_1555,水差し（陶磁器製）,,,埋立,埋立ごみ,,42,41,ごみ分別辞典,table_cell_geometry_extracted
みりんの容器（ペットボトル） キャップははずして「プラ」 ボトルはすすいで出す,item_1556,みりんの容器（ペットボトル）,,キャップははずして「プラ」 ボトルはすすいで出す,ペット,ペットボトル,,42,41,ごみ分別辞典,visual_category_icon_verified
水差し（プラスチック製）,item_1557,水差し（プラスチック製）,,,可燃,可燃ごみ,,42,41,ごみ分別辞典,table_cell_geometry_extracted
水引,item_1558,水引,,,可燃,可燃ごみ,,42,41,ごみ分別辞典,table_cell_geometry_extracted
ミルク缶,item_1559,ミルク缶,,,金・ガ,金物・ガラス類,,42,41,ごみ分別辞典,table_cell_geometry_extracted
水枕 止め具（金属製）は「金・ガ」,item_1560,水枕,,止め具（金属製）は「金・ガ」,可燃,可燃ごみ,,42,41,ごみ分別辞典,table_cell_geometry_extracted
ムートン 袋に入らないものは「粗大」,item_1561,ムートン,,袋に入らないものは「粗大」,可燃,可燃ごみ,,42,41,ごみ分別辞典,table_cell_geometry_extracted
虫ピン 危なくないようにする,item_1562,虫ピン,,危なくないようにする,金・ガ,金物・ガラス類,,42,41,ごみ分別辞典,table_cell_geometry_extracted
麦わら帽子,item_1563,麦わら帽子,,,可燃,可燃ごみ,,42,41,ごみ分別辞典,table_cell_geometry_extracted
虫眼鏡,item_1564,虫眼鏡,,,金・ガ,金物・ガラス類,,42,41,ごみ分別辞典,table_cell_geometry_extracted
蒸し器 木製のものは「可燃」 袋に入らないものは「粗大」,item_1565,蒸し器,,木製のものは「可燃」 袋に入らないものは「粗大」,金・ガ,金物・ガラス類,,42,41,ごみ分別辞典,table_cell_geometry_extracted
虫除け（電気式） 電池ははずす,item_1566,虫除け（電気式）,,電池ははずす,粗大,粗大ごみ,,42,41,ごみ分別辞典,table_cell_geometry_extracted
虫除けスプレー 必ず使い切る,item_1567,虫除けスプレー,,必ず使い切る,金・ガ,金物・ガラス類,,42,41,ごみ分別辞典,table_cell_geometry_extracted
虫捕り網 袋に入らないものは「粗大」,item_1568,虫捕り網,,袋に入らないものは「粗大」,可燃,可燃ごみ,,42,41,ごみ分別辞典,table_cell_geometry_extracted
むしろ,item_1569,むしろ,,,可燃,可燃ごみ,,42,41,ごみ分別辞典,table_cell_geometry_extracted
虫捕りかご,item_1570,虫捕りかご,,,可燃,可燃ごみ,,42,41,ごみ分別辞典,table_cell_geometry_extracted
無線機 バッテリー・電池ははずす,item_1571,無線機,,バッテリー・電池ははずす,粗大,粗大ごみ,,42,41,ごみ分別辞典,table_cell_geometry_extracted
名刺（紙製）,item_1572,名刺（紙製）,,,紙類,紙類,,42,41,ごみ分別辞典,table_cell_geometry_extracted
メダル（金属製）,item_1573,メダル（金属製）,,,金・ガ,金物・ガラス類,,42,41,ごみ分別辞典,table_cell_geometry_extracted
眼鏡,item_1574,眼鏡,,,金・ガ,金物・ガラス類,,42,41,ごみ分別辞典,table_cell_geometry_extracted
メトロノーム 電池ははずす,item_1575,メトロノーム,,電池ははずす,粗大,粗大ごみ,,42,41,ごみ分別辞典,table_cell_geometry_extracted
メガネケース 金属製のものは「金・ガ」,item_1576,メガネケース,,金属製のものは「金・ガ」,可燃,可燃ごみ,,42,41,ごみ分別辞典,table_cell_geometry_extracted
メモ用紙,item_1577,メモ用紙,,,紙類,紙類,,42,41,ごみ分別辞典,table_cell_geometry_extracted
メガホン 電気式は「粗大」 電池ははずす,item_1578,メガホン,,電気式は「粗大」 電池ははずす,可燃,可燃ごみ,,42,41,ごみ分別辞典,table_cell_geometry_extracted
メモリーカード CF、SD など,item_1579,メモリーカード,,CF、SD など,粗大,粗大ごみ,,42,41,ごみ分別辞典,table_cell_geometry_extracted
メリーゴーラウンド 電池ははずす,item_1580,メリーゴーラウンド,,電池ははずす,粗大,粗大ごみ,,42,41,ごみ分別辞典,table_cell_geometry_extracted
目薬の携帯ケース,item_1581,目薬の携帯ケース,,,プラ,プラスチック製容器包装,,42,41,ごみ分別辞典,table_cell_geometry_extracted
メロディー電報,item_1582,メロディー電報,,,粗大,粗大ごみ,,42,41,ごみ分別辞典,table_cell_geometry_extracted
目薬の容器 使いきって出す,item_1583,目薬の容器,,使いきって出す,プラ,プラスチック製容器包装,,42,41,ごみ分別辞典,table_cell_geometry_extracted
綿棒,item_1584,綿棒,,,可燃,可燃ごみ,,42,41,ごみ分別辞典,table_cell_geometry_extracted
目覚まし時計 電池ははずす,item_1585,目覚まし時計,,電池ははずす,粗大,粗大ごみ,,42,41,ごみ分別辞典,table_cell_geometry_extracted
綿棒の容器（プラスチック製）,item_1586,綿棒の容器（プラスチック製）,,,プラ,プラスチック製容器包装,,42,41,ごみ分別辞典,table_cell_geometry_extracted
メジャー（巻き尺） 全体がプラスチック製 のものは「可燃」,item_1587,メジャー（巻き尺）,,全体がプラスチック製 のものは「可燃」,金・ガ,金物・ガラス類,,42,41,ごみ分別辞典,table_cell_geometry_extracted
毛布 袋に入らないものは「粗大」,item_1588,毛布,,袋に入らないものは「粗大」,可燃,可燃ごみ,,42,41,ごみ分別辞典,table_cell_geometry_extracted
餅つき機,item_1589,餅つき機,,,粗大,粗大ごみ,,42,41,ごみ分別辞典,table_cell_geometry_extracted
モーター,item_1590,モーター,,,粗大,粗大ごみ,,42,41,ごみ分別辞典,table_cell_geometry_extracted
木琴,item_1591,木琴,,,粗大,粗大ごみ,,42,41,ごみ分別辞典,table_cell_geometry_extracted
木材（板・角材・材木） 「木」P.22 フロー図参照,item_1592,木材（板・角材・材木）,,「木」P.22 フロー図参照,,,wood_disposal_flow,42,41,ごみ分別辞典,source_refers_to_decision_flow
モップ 袋に入らないものは「粗大」,item_1593,モップ,,袋に入らないものは「粗大」,可燃,可燃ごみ,,42,41,ごみ分別辞典,table_cell_geometry_extracted
モップの柄,item_1594,モップの柄,,,粗大,粗大ごみ,,42,41,ごみ分別辞典,table_cell_geometry_extracted
木炭 水に濡らす,item_1595,木炭,,水に濡らす,可燃,可燃ごみ,,42,41,ごみ分別辞典,table_cell_geometry_extracted
木馬（遊具）,item_1596,木馬（遊具）,,,粗大,粗大ごみ,,42,41,ごみ分別辞典,table_cell_geometry_extracted
モデム,item_1597,モデム,,,粗大,粗大ごみ,,42,41,ごみ分別辞典,table_cell_geometry_extracted
模造刀 危なくないようにする,item_1598,模造刀,,危なくないようにする,粗大,粗大ごみ,,42,41,ごみ分別辞典,table_cell_geometry_extracted
モデルガン（金属製） 袋に入らないものは「粗大」,item_1599,モデルガン（金属製）,,袋に入らないものは「粗大」,金・ガ,金物・ガラス類,,42,41,ごみ分別辞典,table_cell_geometry_extracted
モデルガン（プラスチック製） 袋に入らないものは「粗大」,item_1600,モデルガン（プラスチック製）,,袋に入らないものは「粗大」,可燃,可燃ごみ,,43,42,ごみ分別辞典,table_cell_geometry_extracted
物干し（洗濯物干し） 金属製のものは「金・ガ」 袋に入らないものは「粗大」,item_1601,物干し（洗濯物干し）,,金属製のものは「金・ガ」 袋に入らないものは「粗大」,可燃,可燃ごみ,,43,42,ごみ分別辞典,table_cell_geometry_extracted
物置（ストックハウス） 分解して出す,item_1602,物置（ストックハウス）,,分解して出す,粗大,粗大ごみ,,43,42,ごみ分別辞典,table_cell_geometry_extracted
ものさし（プラスチック製）,item_1603,ものさし（プラスチック製）,,,可燃,可燃ごみ,,43,42,ごみ分別辞典,table_cell_geometry_extracted
物干し竿,item_1604,物干し竿,,,粗大,粗大ごみ,,43,42,ごみ分別辞典,table_cell_geometry_extracted
物干し台（コンクリート片付） コンクリート部分だけ のものは「埋立」,item_1605,物干し台（コンクリート片付）,,コンクリート部分だけ のものは「埋立」,粗大,粗大ごみ,,43,42,ごみ分別辞典,table_cell_geometry_extracted
ものさし（金属製）,item_1606,ものさし（金属製）,,,金・ガ,金物・ガラス類,,43,42,ごみ分別辞典,table_cell_geometry_extracted
もろぶた お餅を並べる平箱,item_1607,もろぶた,,お餅を並べる平箱,粗大,粗大ごみ,,43,42,ごみ分別辞典,table_cell_geometry_extracted
やかん,item_1608,やかん,,,金・ガ,金物・ガラス類,,43,42,ごみ分別辞典,table_cell_geometry_extracted
ヤクルトなどのプラスチック容器 すすいで出す,item_1609,ヤクルトなどのプラスチック容器,,すすいで出す,プラ,プラスチック製容器包装,,43,42,ごみ分別辞典,table_cell_geometry_extracted
焼肉プレート,item_1610,焼肉プレート,,,粗大,粗大ごみ,,43,42,ごみ分別辞典,table_cell_geometry_extracted
野菜などの外装フィルム,item_1611,野菜などの外装フィルム,,,プラ,プラスチック製容器包装,,43,42,ごみ分別辞典,table_cell_geometry_extracted
野球のバット,item_1612,野球のバット,,,粗大,粗大ごみ,,43,42,ごみ分別辞典,table_cell_geometry_extracted
野菜などの結束用テープ,item_1613,野菜などの結束用テープ,,,可燃,可燃ごみ,,43,42,ごみ分別辞典,table_cell_geometry_extracted
薬品・農薬類 販売店などに相談,item_1614,薬品・農薬類,,販売店などに相談,禁止,市が収集しないごみ,,43,42,ごみ分別辞典,table_cell_geometry_extracted
やすり 紙やすりは「可燃」,item_1615,やすり,,紙やすりは「可燃」,金・ガ,金物・ガラス類,,43,42,ごみ分別辞典,table_cell_geometry_extracted
ヤクルトなどのふた プラスチック製のもの は「プラ」,item_1616,ヤクルトなどのふた,,プラスチック製のもの は「プラ」,可燃,可燃ごみ,,43,42,ごみ分別辞典,table_cell_geometry_extracted
やなぎごうり（柳行李） 袋に入るものは「可燃」,item_1617,やなぎごうり（柳行李）,,袋に入るものは「可燃」,粗大,粗大ごみ,,43,42,ごみ分別辞典,table_cell_geometry_extracted
USB メモリ,item_1618,USB メモリ,,,粗大,粗大ごみ,,43,42,ごみ分別辞典,table_cell_geometry_extracted
ユニット芝生 袋に入るものは「可燃」,item_1619,ユニット芝生,,袋に入るものは「可燃」,粗大,粗大ごみ,,43,42,ごみ分別辞典,table_cell_geometry_extracted
郵便受け（ポスト）,item_1620,郵便受け（ポスト）,,,粗大,粗大ごみ,,43,42,ごみ分別辞典,table_cell_geometry_extracted
ユニット畳,item_1621,ユニット畳,,,粗大,粗大ごみ,,43,42,ごみ分別辞典,table_cell_geometry_extracted
浴衣,item_1622,浴衣,,,可燃,可燃ごみ,,43,42,ごみ分別辞典,table_cell_geometry_extracted
湯飲み茶碗,item_1623,湯飲み茶碗,,,埋立,埋立ごみ,,43,42,ごみ分別辞典,table_cell_geometry_extracted
湯たんぽ（金属製）,item_1624,湯たんぽ（金属製）,,,金・ガ,金物・ガラス類,,43,42,ごみ分別辞典,table_cell_geometry_extracted
指輪,item_1625,指輪,,,金・ガ,金物・ガラス類,,43,42,ごみ分別辞典,table_cell_geometry_extracted
湯たんぽ（プラスチック製・ゴム製）,item_1626,湯たんぽ（プラスチック製・ゴム製）,,,可燃,可燃ごみ,,43,42,ごみ分別辞典,table_cell_geometry_extracted
ゆりかご,item_1627,ゆりかご,,,粗大,粗大ごみ,,43,42,ごみ分別辞典,table_cell_geometry_extracted
湯沸し器（台所用）,item_1628,湯沸し器（台所用）,,,粗大,粗大ごみ,,43,42,ごみ分別辞典,table_cell_geometry_extracted
ユニットカーペット 袋に入るものは「可燃」,item_1629,ユニットカーペット,,袋に入るものは「可燃」,粗大,粗大ごみ,,43,42,ごみ分別辞典,table_cell_geometry_extracted
湯沸しポット,item_1630,湯沸しポット,,,粗大,粗大ごみ,,43,42,ごみ分別辞典,table_cell_geometry_extracted
容器のキャップ（金属製） アルミ箔 は「可燃」,item_1631,容器のキャップ（金属製）,,アルミ箔 は「可燃」,金・ガ,金物・ガラス類,,43,42,ごみ分別辞典,table_cell_geometry_extracted
ヨーグルトのふた,item_1632,ヨーグルトのふた,,,可燃,可燃ごみ,,43,42,ごみ分別辞典,table_cell_geometry_extracted
容器のキャップ（プラスチック製）,item_1633,容器のキャップ（プラスチック製）,,,プラ,プラスチック製容器包装,,43,42,ごみ分別辞典,table_cell_geometry_extracted
ヨーグルトの容器（紙製） リサイクルが困難なため,item_1634,ヨーグルトの容器（紙製）,,リサイクルが困難なため,可燃,可燃ごみ,,43,42,ごみ分別辞典,table_cell_geometry_extracted
ヨーグルトの容器（プラスチック製） 汚れを取り除く,item_1635,ヨーグルトの容器（プラスチック製）,,汚れを取り除く,プラ,プラスチック製容器包装,,43,42,ごみ分別辞典,table_cell_geometry_extracted
幼児用四輪車 バッテリー・電池ははずす,item_1636,幼児用四輪車,,バッテリー・電池ははずす,粗大,粗大ごみ,,43,42,ごみ分別辞典,table_cell_geometry_extracted
洋服掛け,item_1637,洋服掛け,,,粗大,粗大ごみ,,43,42,ごみ分別辞典,table_cell_geometry_extracted
ヨーヨー 金属製のものは「金・ガ」,item_1638,ヨーヨー,,金属製のものは「金・ガ」,可燃,可燃ごみ,,43,42,ごみ分別辞典,table_cell_geometry_extracted
ヨーグルトの薄い外フィルム,item_1639,ヨーグルトの薄い外フィルム,,,プラ,プラスチック製容器包装,,43,42,ごみ分別辞典,table_cell_geometry_extracted
よしず・すだれ 袋に入るものは「可燃」,item_1640,よしず・すだれ,,袋に入るものは「可燃」,粗大,粗大ごみ,,43,42,ごみ分別辞典,table_cell_geometry_extracted
ヨーグルトの台紙,item_1641,ヨーグルトの台紙,,,紙類,紙類,,43,42,ごみ分別辞典,table_cell_geometry_extracted
ラーメン鉢（金属製）,item_1642,ラーメン鉢（金属製）,,,金・ガ,金物・ガラス類,,43,42,ごみ分別辞典,table_cell_geometry_extracted
ライト 電球・蛍光灯ははずす,item_1643,ライト,,電球・蛍光灯ははずす,粗大,粗大ごみ,,43,42,ごみ分別辞典,table_cell_geometry_extracted
ラーメン鉢（陶磁器製）,item_1644,ラーメン鉢（陶磁器製）,,,埋立,埋立ごみ,,43,42,ごみ分別辞典,table_cell_geometry_extracted
ラインストーン,item_1645,ラインストーン,,,可燃,可燃ごみ,,43,42,ごみ分別辞典,table_cell_geometry_extracted
ラーメン鉢（プラスチック製）,item_1646,ラーメン鉢（プラスチック製）,,,可燃,可燃ごみ,,43,42,ごみ分別辞典,table_cell_geometry_extracted
ラグマット 袋に入るものは「可燃」,item_1647,ラグマット,,袋に入るものは「可燃」,粗大,粗大ごみ,,43,42,ごみ分別辞典,table_cell_geometry_extracted
ラケット 卓球ラケットは「可燃」,item_1648,ラケット,,卓球ラケットは「可燃」,粗大,粗大ごみ,,43,42,ごみ分別辞典,table_cell_geometry_extracted
ライター（プラスチック製）,item_1649,ライター（プラスチック製）,,,可燃,可燃ごみ,,43,42,ごみ分別辞典,table_cell_geometry_extracted
ラジオ 電池ははずす,item_1650,ラジオ,,電池ははずす,粗大,粗大ごみ,,43,42,ごみ分別辞典,table_cell_geometry_extracted
ラジカセ 電池ははずす,item_1651,ラジカセ,,電池ははずす,粗大,粗大ごみ,,43,42,ごみ分別辞典,table_cell_geometry_extracted
ラジコンカー バッテリー・電池ははずす,item_1652,ラジコンカー,,バッテリー・電池ははずす,粗大,粗大ごみ,,44,43,ごみ分別辞典,table_cell_geometry_extracted
ラムネの容器（びん） キャップははずして「プラ」 すすいで出す,item_1653,ラムネの容器（びん）,,キャップははずして「プラ」 すすいで出す,金・ガ,金物・ガラス類,,44,43,ごみ分別辞典,table_cell_geometry_extracted
ラック,item_1654,ラック,,,粗大,粗大ごみ,,44,43,ごみ分別辞典,table_cell_geometry_extracted
ラッピングフィルム（包装用）,item_1655,ラッピングフィルム（包装用）,,,プラ,プラスチック製容器包装,,44,43,ごみ分別辞典,table_cell_geometry_extracted
ラムネの容器（プラスチック製） キャップははずして「プラ」 ビー玉は「金・ガ」 すすいで出す,item_1656,ラムネの容器（プラスチック製）,,キャップははずして「プラ」 ビー玉は「金・ガ」 すすいで出す,プラ,プラスチック製容器包装,,44,43,ごみ分別辞典,table_cell_geometry_extracted
ラップ お総菜用のものは「プラ」,item_1657,ラップ,,お総菜用のものは「プラ」,可燃,可燃ごみ,,44,43,ごみ分別辞典,table_cell_geometry_extracted
ラップケース（紙製） 金属製の刃は取りはず して「金・ガ」,item_1658,ラップケース（紙製）,,金属製の刃は取りはず して「金・ガ」,紙類,紙類,,44,43,ごみ分別辞典,table_cell_geometry_extracted
LAN ケーブル,item_1659,LAN ケーブル,,,粗大,粗大ごみ,,44,43,ごみ分別辞典,table_cell_geometry_extracted
ランタン（ランプ） 燃料・電池を抜く,item_1660,ランタン（ランプ）,,燃料・電池を抜く,粗大,粗大ごみ,,44,43,ごみ分別辞典,table_cell_geometry_extracted
ラップの芯 使いきってから、なる べくつぶして出す,item_1661,ラップの芯,,使いきってから、なる べくつぶして出す,紙類,紙類,,44,43,ごみ分別辞典,table_cell_geometry_extracted
ランチジャー,item_1662,ランチジャー,,,粗大,粗大ごみ,,44,43,ごみ分別辞典,table_cell_geometry_extracted
ランチボックス 保温容器は「粗大」,item_1663,ランチボックス,,保温容器は「粗大」,可燃,可燃ごみ,,44,43,ごみ分別辞典,table_cell_geometry_extracted
ラティス,item_1664,ラティス,,,粗大,粗大ごみ,,44,43,ごみ分別辞典,table_cell_geometry_extracted
ランドセル 取りはずすことのでき る金具は「金・ガ」,item_1665,ランドセル,,取りはずすことのでき る金具は「金・ガ」,可燃,可燃ごみ,,44,43,ごみ分別辞典,table_cell_geometry_extracted
ラベル（ペットボトル）,item_1666,ラベル（ペットボトル）,,,プラ,プラスチック製容器包装,,44,43,ごみ分別辞典,table_cell_geometry_extracted
ラベルメーカー,item_1667,ラベルメーカー,,,粗大,粗大ごみ,,44,43,ごみ分別辞典,table_cell_geometry_extracted
ランニングシューズ,item_1668,ランニングシューズ,,,可燃,可燃ごみ,,44,43,ごみ分別辞典,table_cell_geometry_extracted
ラミネーター ラミネートされた紙は 「可燃」,item_1669,ラミネーター,,ラミネートされた紙は 「可燃」,粗大,粗大ごみ,,44,43,ごみ分別辞典,table_cell_geometry_extracted
ランニングマシーン,item_1670,ランニングマシーン,,,粗大,粗大ごみ,,44,43,ごみ分別辞典,table_cell_geometry_extracted
リール（釣り用）,item_1671,リール（釣り用）,,,粗大,粗大ごみ,,44,43,ごみ分別辞典,table_cell_geometry_extracted
リヤカー,item_1672,リヤカー,,,禁止,市が収集しないごみ,,44,43,ごみ分別辞典,table_cell_geometry_extracted
リコーダー,item_1673,リコーダー,,,可燃,可燃ごみ,,44,43,ごみ分別辞典,table_cell_geometry_extracted
リュックサック 取りはずすことのでき る金具は「金・ガ」,item_1674,リュックサック,,取りはずすことのでき る金具は「金・ガ」,可燃,可燃ごみ,,44,43,ごみ分別辞典,table_cell_geometry_extracted
リチウムイオン電池 販売店等の回収箱へ P.48 参照,item_1675,リチウムイオン電池,,販売店等の回収箱へ P.48 参照,禁止,市が収集しないごみ,,44,43,ごみ分別辞典,table_cell_geometry_extracted
料理酒の容器（ガラス製）,item_1676,料理酒の容器（ガラス製）,,,金・ガ,金物・ガラス類,,44,43,ごみ分別辞典,table_cell_geometry_extracted
リチウム電池,item_1677,リチウム電池,,,埋立,埋立ごみ,,44,43,ごみ分別辞典,table_cell_geometry_extracted
リップクリーム,item_1678,リップクリーム,,,可燃,可燃ごみ,,44,43,ごみ分別辞典,table_cell_geometry_extracted
料理酒の容器（ペットボトル） キャップははずして「プラ」 ボトルはすすいで出す,item_1679,料理酒の容器（ペットボトル）,,キャップははずして「プラ」 ボトルはすすいで出す,ペット,ペットボトル,,44,43,ごみ分別辞典,visual_category_icon_verified
リップクリームの容器（金属製） 使いきって出す,item_1680,リップクリームの容器（金属製）,,使いきって出す,金・ガ,金物・ガラス類,,44,43,ごみ分別辞典,table_cell_geometry_extracted
料理用のはかり,item_1681,料理用のはかり,,,粗大,粗大ごみ,,44,43,ごみ分別辞典,table_cell_geometry_extracted
リップクリームの容器（プラスチック製） 使いきって出す,item_1682,リップクリームの容器（プラスチック製）,,使いきって出す,プラ,プラスチック製容器包装,,44,43,ごみ分別辞典,table_cell_geometry_extracted
旅行かばん 袋に入るものは「可燃」,item_1683,旅行かばん,,袋に入るものは「可燃」,粗大,粗大ごみ,,44,43,ごみ分別辞典,table_cell_geometry_extracted
リンスの容器 すすいで出す ノズル・キャップも「プラ」,item_1684,リンスの容器,,すすいで出す ノズル・キャップも「プラ」,プラ,プラスチック製容器包装,,44,43,ごみ分別辞典,table_cell_geometry_extracted
リボン,item_1685,リボン,,,可燃,可燃ごみ,,44,43,ごみ分別辞典,table_cell_geometry_extracted
リモコン（家電製品等） 電池ははずす,item_1686,リモコン（家電製品等）,,電池ははずす,粗大,粗大ごみ,,44,43,ごみ分別辞典,table_cell_geometry_extracted
ルアー 金属製のものは「金・ガ」,item_1687,ルアー,,金属製のものは「金・ガ」,可燃,可燃ごみ,,44,43,ごみ分別辞典,table_cell_geometry_extracted
ルーペ,item_1688,ルーペ,,,金・ガ,金物・ガラス類,,44,43,ごみ分別辞典,table_cell_geometry_extracted
ルーズリーフ,item_1689,ルーズリーフ,,,紙類,紙類,,44,43,ごみ分別辞典,table_cell_geometry_extracted
ルームエアコン 家電4 品目P.49,item_1690,ルームエアコン,,家電4 品目P.49,禁止,市が収集しないごみ,,44,43,ごみ分別辞典,table_cell_geometry_extracted
ルーター,item_1691,ルーター,,,粗大,粗大ごみ,,44,43,ごみ分別辞典,table_cell_geometry_extracted
ルームミラー（車用）,item_1692,ルームミラー（車用）,,,粗大,粗大ごみ,,44,43,ごみ分別辞典,table_cell_geometry_extracted
ルーフキャリア,item_1693,ルーフキャリア,,,粗大,粗大ごみ,,44,43,ごみ分別辞典,table_cell_geometry_extracted
ルームランナー,item_1694,ルームランナー,,,粗大,粗大ごみ,,44,43,ごみ分別辞典,table_cell_geometry_extracted
ルーフボックス,item_1695,ルーフボックス,,,粗大,粗大ごみ,,44,43,ごみ分別辞典,table_cell_geometry_extracted
レコード 紙製ジャケット（ケー ス）は「紙類（雑がみ）」,item_1696,レコード,,紙製ジャケット（ケー ス）は「紙類（雑がみ）」,可燃,可燃ごみ,,44,43,ごみ分別辞典,table_cell_geometry_extracted
冷温庫（ポータブル） 家電4 品目 P.49 参照,item_1697,冷温庫（ポータブル）,,家電4 品目 P.49 参照,禁止,市が収集しないごみ,,44,43,ごみ分別辞典,table_cell_geometry_extracted
冷水機（家庭用）,item_1698,冷水機（家庭用）,,,粗大,粗大ごみ,,44,43,ごみ分別辞典,table_cell_geometry_extracted
レコードプレイヤー,item_1699,レコードプレイヤー,,,粗大,粗大ごみ,,44,43,ごみ分別辞典,table_cell_geometry_extracted
冷蔵庫用脱臭剤,item_1700,冷蔵庫用脱臭剤,,,可燃,可燃ごみ,,44,43,ごみ分別辞典,table_cell_geometry_extracted
レシート リサイクルが困難なため,item_1701,レシート,,リサイクルが困難なため,可燃,可燃ごみ,,44,43,ごみ分別辞典,table_cell_geometry_extracted
冷蔵庫・冷凍庫 家電4 品目 P.49 参照,item_1702,冷蔵庫・冷凍庫,,家電4 品目 P.49 参照,禁止,市が収集しないごみ,,44,43,ごみ分別辞典,table_cell_geometry_extracted
レジ袋,item_1703,レジ袋,,,プラ,プラスチック製容器包装,,44,43,ごみ分別辞典,table_cell_geometry_extracted
冷風機・冷風扇（家庭用）,item_1704,冷風機・冷風扇（家庭用）,,,粗大,粗大ごみ,,44,43,ごみ分別辞典,table_cell_geometry_extracted
レジャーシート,item_1705,レジャーシート,,,可燃,可燃ごみ,,44,43,ごみ分別辞典,table_cell_geometry_extracted
レインコート,item_1706,レインコート,,,可燃,可燃ごみ,,44,43,ごみ分別辞典,table_cell_geometry_extracted
レジャーボート（ゴム製） 袋に入れば「可燃」,item_1707,レジャーボート（ゴム製）,,袋に入れば「可燃」,粗大,粗大ごみ,,45,44,ごみ分別辞典,table_cell_geometry_extracted
れんげ（陶磁器製）,item_1708,れんげ（陶磁器製）,,,埋立,埋立ごみ,,45,44,ごみ分別辞典,table_cell_geometry_extracted
れんげ（プラスチック製） 金属製のものは「金・ガ」,item_1709,れんげ（プラスチック製）,,金属製のものは「金・ガ」,可燃,可燃ごみ,,45,44,ごみ分別辞典,table_cell_geometry_extracted
レジャーボート（釣り用など） 販売店などに相談,item_1710,レジャーボート（釣り用など）,,販売店などに相談,禁止,市が収集しないごみ,,45,44,ごみ分別辞典,table_cell_geometry_extracted
レンジ台,item_1711,レンジ台,,,粗大,粗大ごみ,,45,44,ごみ分別辞典,table_cell_geometry_extracted
レンジフード（油よけ） 金属製のものは「金・ガ」,item_1712,レンジフード（油よけ）,,金属製のものは「金・ガ」,可燃,可燃ごみ,,45,44,ごみ分別辞典,table_cell_geometry_extracted
レターケース 金属製のものは「金・ガ」,item_1713,レターケース,,金属製のものは「金・ガ」,可燃,可燃ごみ,,45,44,ごみ分別辞典,table_cell_geometry_extracted
練炭 水に濡らす,item_1714,練炭,,水に濡らす,可燃,可燃ごみ,,45,44,ごみ分別辞典,table_cell_geometry_extracted
レトルトパック（カレーなど） 汚れを取り除く,item_1715,レトルトパック（カレーなど）,,汚れを取り除く,プラ,プラスチック製容器包装,,45,44,ごみ分別辞典,table_cell_geometry_extracted
レンチ,item_1716,レンチ,,,金・ガ,金物・ガラス類,,45,44,ごみ分別辞典,table_cell_geometry_extracted
レトルトパックの外箱,item_1717,レトルトパックの外箱,,,紙類,紙類,,45,44,ごみ分別辞典,table_cell_geometry_extracted
れんが 2 〜3 個をひもでし ばって出す 1 回に3 束まで,item_1718,れんが,,2 〜3 個をひもでし ばって出す 1 回に3 束まで,埋立,埋立ごみ,,45,44,ごみ分別辞典,table_cell_geometry_extracted
老眼鏡 プラスチック製のもの は「可燃」,item_1719,老眼鏡,,プラスチック製のもの は「可燃」,金・ガ,金物・ガラス類,,45,44,ごみ分別辞典,table_cell_geometry_extracted
ローラー（掃除・塗装用） 袋に入らないものは「粗大」,item_1720,ローラー（掃除・塗装用）,,袋に入らないものは「粗大」,可燃,可燃ごみ,,45,44,ごみ分別辞典,table_cell_geometry_extracted
ローラーシューズ,item_1721,ローラーシューズ,,,可燃,可燃ごみ,,45,44,ごみ分別辞典,table_cell_geometry_extracted
老人車（シルバーカー）,item_1722,老人車（シルバーカー）,,,粗大,粗大ごみ,,45,44,ごみ分別辞典,table_cell_geometry_extracted
ローラースケート,item_1723,ローラースケート,,,粗大,粗大ごみ,,45,44,ごみ分別辞典,table_cell_geometry_extracted
ろうそく,item_1724,ろうそく,,,可燃,可燃ごみ,,45,44,ごみ分別辞典,table_cell_geometry_extracted
ローラーブレード,item_1725,ローラーブレード,,,粗大,粗大ごみ,,45,44,ごみ分別辞典,table_cell_geometry_extracted
ロープ,item_1726,ロープ,,,可燃,可燃ごみ,,45,44,ごみ分別辞典,table_cell_geometry_extracted
ロールカーテン,item_1727,ロールカーテン,,,粗大,粗大ごみ,,45,44,ごみ分別辞典,table_cell_geometry_extracted
ローボード,item_1728,ローボード,,,粗大,粗大ごみ,,45,44,ごみ分別辞典,table_cell_geometry_extracted
ロッカー,item_1729,ロッカー,,,粗大,粗大ごみ,,45,44,ごみ分別辞典,table_cell_geometry_extracted
和だんす,item_1730,和だんす,,,粗大,粗大ごみ,,45,44,ごみ分別辞典,table_cell_geometry_extracted
ワープロ,item_1731,ワープロ,,,粗大,粗大ごみ,,45,44,ごみ分別辞典,table_cell_geometry_extracted
ワックス 液体のものは布・新聞 紙などにしみこませる,item_1732,ワックス,,液体のものは布・新聞 紙などにしみこませる,可燃,可燃ごみ,,45,44,ごみ分別辞典,table_cell_geometry_extracted
ワープロのインクリボン,item_1733,ワープロのインクリボン,,,可燃,可燃ごみ,,45,44,ごみ分別辞典,table_cell_geometry_extracted
ワイシャツ,item_1734,ワイシャツ,,,可燃,可燃ごみ,,45,44,ごみ分別辞典,table_cell_geometry_extracted
ワックスの容器（プラスチック製） 中身を残さない 金属製のものは「金・ガ」,item_1735,ワックスの容器（プラスチック製）,,中身を残さない 金属製のものは「金・ガ」,プラ,プラスチック製容器包装,,45,44,ごみ分別辞典,table_cell_geometry_extracted
ワイシャツの外包装,item_1736,ワイシャツの外包装,,,プラ,プラスチック製容器包装,,45,44,ごみ分別辞典,table_cell_geometry_extracted
ワイシャツの中台紙,item_1737,ワイシャツの中台紙,,,紙類,紙類,,45,44,ごみ分別辞典,table_cell_geometry_extracted
ワッフルメーカー,item_1738,ワッフルメーカー,,,粗大,粗大ごみ,,45,44,ごみ分別辞典,table_cell_geometry_extracted
ワイパー（車用） ゴムの部分は「可燃」,item_1739,ワイパー（車用）,,ゴムの部分は「可燃」,金・ガ,金物・ガラス類,,45,44,ごみ分別辞典,table_cell_geometry_extracted
ワッペン,item_1740,ワッペン,,,可燃,可燃ごみ,,45,44,ごみ分別辞典,table_cell_geometry_extracted
ワインセラー（ワイン庫） 家電４品目 P.49 参照,item_1741,ワインセラー（ワイン庫）,,家電４品目 P.49 参照,禁止,市が収集しないごみ,,45,44,ごみ分別辞典,table_cell_geometry_extracted
輪投げ,item_1742,輪投げ,,,可燃,可燃ごみ,,45,44,ごみ分別辞典,table_cell_geometry_extracted
ワインのコルク,item_1743,ワインのコルク,,,可燃,可燃ごみ,,45,44,ごみ分別辞典,table_cell_geometry_extracted
和服,item_1744,和服,,,可燃,可燃ごみ,,45,44,ごみ分別辞典,table_cell_geometry_extracted
ワインのびん,item_1745,ワインのびん,,,金・ガ,金物・ガラス類,,45,44,ごみ分別辞典,table_cell_geometry_extracted
わら製品 正月用飾り・民芸品など,item_1746,わら製品,,正月用飾り・民芸品など,可燃,可燃ごみ,,45,44,ごみ分別辞典,table_cell_geometry_extracted
輪ゴム,item_1747,輪ゴム,,,可燃,可燃ごみ,,45,44,ごみ分別辞典,table_cell_geometry_extracted
割り箸・つまようじ,item_1748,割り箸・つまようじ,,,可燃,可燃ごみ,,45,44,ごみ分別辞典,table_cell_geometry_extracted
輪ゴムの紙箱 中身を残さない,item_1749,輪ゴムの紙箱,,中身を残さない,紙類,紙類,,45,44,ごみ分別辞典,table_cell_geometry_extracted
割り箸の袋 プラスチック製のもの は「プラ」,item_1750,割り箸の袋,,プラスチック製のもの は「プラ」,紙類,紙類,,45,44,ごみ分別辞典,table_cell_geometry_extracted
ワゴン,item_1751,ワゴン,,,粗大,粗大ごみ,,45,44,ごみ分別辞典,table_cell_geometry_extracted
わさびなどの入ったチューブ 汚れを取り除く,item_1752,わさびなどの入ったチューブ,,汚れを取り除く,プラ,プラスチック製容器包装,,45,44,ごみ分別辞典,table_cell_geometry_extracted
ワンカップのびん,item_1753,ワンカップのびん,,,金・ガ,金物・ガラス類,,45,44,ごみ分別辞典,table_cell_geometry_extracted
和紙 リサイクルが困難なため,item_1754,和紙,,リサイクルが困難なため,可燃,可燃ごみ,,45,44,ごみ分別辞典,table_cell_geometry_extracted
腕章 安全ピンは「金・ガ」,item_1755,腕章,,安全ピンは「金・ガ」,可燃,可燃ごみ,,45,44,ごみ分別辞典,table_cell_geometry_extracted
綿,item_1756,綿,,,可燃,可燃ごみ,,45,44,ごみ分別辞典,table_cell_geometry_extracted
